http://gallica.bnf.fr/ark:/12148/bpt6k127324q,http://commons.wikimedia.org/wiki/Special:FilePath/Johann_Sebastian_Bach.jpg
http://gallica.bnf.fr/ark:/12148/bpt6k127324q,http://commons.wikimedia.org/wiki/Special:FilePath/Johann_Sebastian_Bach.jpg?width=300
http://gallica.bnf.fr/ark:/12148/bpt6k127324q,http://gallica.bnf.fr/ark:/12148/btv1b530866325.thumbnail
http://gallica.bnf.fr/ark:/12148/bpt6k127324q,http://gallica.bnf.fr/ark:/12148/btv1b53090420b.thumbnail
http://gallica.bnf.fr/ark:/12148/bpt6k127324q,http://gallica.bnf.fr/ark:/12148/btv1b53090448r.thumbnail
http://gallica.bnf.fr/ark:/12148/bpt6k127324q,http://gallica.bnf.fr/ark:/12148/btv1b8415494b.thumbnail
http://gallica.bnf.fr/ark:/12148/bpt6k127324q,http://gallica.bnf.fr/ark:/12148/btv1b8415495r.thumbnail
http://gallica.bnf.fr/ark:/12148/bpt6k127324q,http://gallica.bnf.fr/ark:/12148/btv1b84154965.thumbnail
http://gallica.bnf.fr/ark:/12148/bpt6k127324q,http://gallica.bnf.fr/ark:/12148/btv1b8415497k.thumbnail
http://gallica.bnf.fr/ark:/12148/bpt6k127324q,http://gallica.bnf.fr/ark:/12148/btv1b84154980.thumbnail
http://gallica.bnf.fr/ark:/12148/bpt6k127324q,http://gallica.bnf.fr/ark:/12148/btv1b8415499d.thumbnail
http://gallica.bnf.fr/ark:/12148/bpt6k127324q,http://gallica.bnf.fr/ark:/12148/btv1b8415500m.thumbnail
http://gallica.bnf.fr/ark:/12148/bpt6k127324q,http://gallica.bnf.fr/ark:/12148/btv1b84155011.thumbnail
http://gallica.bnf.fr/ark:/12148/bpt6k127324q,http://gallica.bnf.fr/ark:/12148/btv1b8415502f.thumbnail
http://gallica.bnf.fr/ark:/12148/bpt6k127324q,http://gallica.bnf.fr/ark:/12148/btv1b8415503v.thumbnail
http://gallica.bnf.fr/ark:/12148/bpt6k127324q,http://gallica.bnf.fr/ark:/12148/btv1b84155048.thumbnail
http://gallica.bnf.fr/ark:/12148/bpt6k127324q,http://gallica.bnf.fr/ark:/12148/btv1b8415505p.thumbnail
http://gallica.bnf.fr/ark:/12148/bpt6k127324q,http://gallica.bnf.fr/ark:/12148/btv1b84155063.thumbnail
http://gallica.bnf.fr/ark:/12148/bpt6k127324q,http://gallica.bnf.fr/ark:/12148/btv1b8415507h.thumbnail
http://gallica.bnf.fr/ark:/12148/bpt6k127324q,http://gallica.bnf.fr/ark:/12148/btv1b8415508x.thumbnail
http://gallica.bnf.fr/ark:/12148/bpt6k127324q,http://gallica.bnf.fr/ark:/12148/btv1b8415509b.thumbnail
http://gallica.bnf.fr/ark:/12148/bpt6k127324q,http://gallica.bnf.fr/ark:/12148/btv1b84155100.thumbnail
http://gallica.bnf.fr/ark:/12148/bpt6k127324q,http://gallica.bnf.fr/ark:/12148/btv1b8415511d.thumbnail
http://gallica.bnf.fr/ark:/12148/bpt6k127324q,http://gallica.bnf.fr/ark:/12148/btv1b8415512t.thumbnail
http://gallica.bnf.fr/ark:/12148/bpt6k127324q,http://gallica.bnf.fr/ark:/12148/btv1b8415514n.thumbnail
http://gallica.bnf.fr/ark:/12148/bpt6k127324q,http://gallica.bnf.fr/ark:/12148/btv1b84155152.thumbnail
http://gallica.bnf.fr/ark:/12148/bpt6k127324q,http://gallica.bnf.fr/ark:/12148/btv1b8415517w.thumbnail
http://gallica.bnf.fr/ark:/12148/bpt6k127324q,http://gallica.bnf.fr/ark:/12148/btv1b90164388.thumbnail
http://gallica.bnf.fr/ark:/12148/bpt6k127324q,http://gallica.bnf.fr/ark:/12148/btv1b9016439p.thumbnail
http://gallica.bnf.fr/ark:/12148/bpt6k127324q,https://upload.wikimedia.org/wikipedia/commons/6/6a/Johann_Sebastian_Bach.jpg
http://gallica.bnf.fr/ark:/12148/bpt6k128692k,http://commons.wikimedia.org/wiki/Special:FilePath/Claude_Debussy_Paul_Nadar_1909.JPG
http://gallica.bnf.fr/ark:/12148/bpt6k128692k,http://commons.wikimedia.org/wiki/Special:FilePath/Claude_Debussy_Paul_Nadar_1909.JPG?width=300
http://gallica.bnf.fr/ark:/12148/bpt6k128692k,http://commons.wikimedia.org/wiki/Special:FilePath/Albert_Wolff_01.jpg
http://gallica.bnf.fr/ark:/12148/bpt6k128692k,http://commons.wikimedia.org/wiki/Special:FilePath/Albert_Wolff_01.jpg?width=300
http://gallica.bnf.fr/ark:/12148/bpt6k128692k,http://gallica.bnf.fr/ark:/12148/btv1b53118284d.thumbnail
http://gallica.bnf.fr/ark:/12148/bpt6k128692k,http://gallica.bnf.fr/ark:/12148/btv1b53090534x.thumbnail
http://gallica.bnf.fr/ark:/12148/bpt6k128692k,http://gallica.bnf.fr/ark:/12148/btv1b530904138.thumbnail
http://gallica.bnf.fr/ark:/12148/bpt6k128692k,http://gallica.bnf.fr/ark:/12148/btv1b530904227.thumbnail
http://gallica.bnf.fr/ark:/12148/bpt6k128692k,http://gallica.bnf.fr/ark:/12148/btv1b530905160.thumbnail
http://gallica.bnf.fr/ark:/12148/bpt6k128692k,http://gallica.bnf.fr/ark:/12148/btv1b53090518w.thumbnail
http://gallica.bnf.fr/ark:/12148/bpt6k128692k,http://gallica.bnf.fr/ark:/12148/btv1b53032635k.thumbnail
http://gallica.bnf.fr/ark:/12148/bpt6k128692k,http://gallica.bnf.fr/ark:/12148/btv1b53090497c.thumbnail
http://gallica.bnf.fr/ark:/12148/bpt6k128692k,http://gallica.bnf.fr/ark:/12148/btv1b53090477j.thumbnail
http://gallica.bnf.fr/ark:/12148/bpt6k128692k,http://gallica.bnf.fr/ark:/12148/btv1b530905143.thumbnail
http://gallica.bnf.fr/ark:/12148/bpt6k128692k,http://gallica.bnf.fr/ark:/12148/btv1b530311627.thumbnail
http://gallica.bnf.fr/ark:/12148/bpt6k128692k,http://gallica.bnf.fr/ark:/12148/btv1b53033846j.thumbnail
http://gallica.bnf.fr/ark:/12148/bpt6k128692k,http://gallica.bnf.fr/ark:/12148/btv1b530311377.thumbnail
http://gallica.bnf.fr/ark:/12148/bpt6k128692k,http://gallica.bnf.fr/ark:/12148/btv1b53090425k.thumbnail
http://gallica.bnf.fr/ark:/12148/bpt6k128692k,http://gallica.bnf.fr/ark:/12148/btv1b530340422.thumbnail
http://gallica.bnf.fr/ark:/12148/bpt6k128692k,http://gallica.bnf.fr/ark:/12148/btv1b530865962.thumbnail
http://gallica.bnf.fr/ark:/12148/bpt6k128692k,http://gallica.bnf.fr/ark:/12148/btv1b53031156m.thumbnail
http://gallica.bnf.fr/ark:/12148/bpt6k128692k,http://gallica.bnf.fr/ark:/12148/btv1b530338938.thumbnail
http://gallica.bnf.fr/ark:/12148/bpt6k128692k,http://gallica.bnf.fr/ark:/12148/btv1b53033980w.thumbnail
http://gallica.bnf.fr/ark:/12148/bpt6k128692k,http://gallica.bnf.fr/ark:/12148/btv1b530866520.thumbnail
http://gallica.bnf.fr/ark:/12148/bpt6k128692k,http://gallica.bnf.fr/ark:/12148/btv1b53090489v.thumbnail
http://gallica.bnf.fr/ark:/12148/bpt6k128692k,http://gallica.bnf.fr/ark:/12148/btv1b9052322x.thumbnail
http://gallica.bnf.fr/ark:/12148/bpt6k128692k,http://gallica.bnf.fr/ark:/12148/btv1b9052344h.thumbnail
http://gallica.bnf.fr/ark:/12148/bpt6k128692k,http://gallica.bnf.fr/ark:/12148/btv1b90523611.thumbnail
http://gallica.bnf.fr/ark:/12148/bpt6k128692k,http://gallica.bnf.fr/ark:/12148/btv1b53031124g.thumbnail
http://gallica.bnf.fr/ark:/12148/bpt6k128692k,http://gallica.bnf.fr/ark:/12148/btv1b530311320.thumbnail
http://gallica.bnf.fr/ark:/12148/bpt6k128692k,http://gallica.bnf.fr/ark:/12148/btv1b53031151c.thumbnail
http://gallica.bnf.fr/ark:/12148/bpt6k128692k,http://gallica.bnf.fr/ark:/12148/btv1b53031154q.thumbnail
http://gallica.bnf.fr/ark:/12148/bpt6k128692k,http://gallica.bnf.fr/ark:/12148/btv1b53031158h.thumbnail
http://gallica.bnf.fr/ark:/12148/bpt6k128692k,http://gallica.bnf.fr/ark:/12148/btv1b53031165k.thumbnail
http://gallica.bnf.fr/ark:/12148/bpt6k128692k,http://gallica.bnf.fr/ark:/12148/btv1b53087306x.thumbnail
http://gallica.bnf.fr/ark:/12148/bpt6k128692k,http://gallica.bnf.fr/ark:/12148/btv1b53090412t.thumbnail
http://gallica.bnf.fr/ark:/12148/bpt6k128692k,http://gallica.bnf.fr/ark:/12148/btv1b53090414q.thumbnail
http://gallica.bnf.fr/ark:/12148/bpt6k128692k,http://gallica.bnf.fr/ark:/12148/btv1b530904155.thumbnail
http://gallica.bnf.fr/ark:/12148/bpt6k128692k,http://gallica.bnf.fr/ark:/12148/btv1b53090419z.thumbnail
http://gallica.bnf.fr/ark:/12148/bpt6k128692k,http://gallica.bnf.fr/ark:/12148/btv1b53090420b.thumbnail
http://gallica.bnf.fr/ark:/12148/bpt6k128692k,http://gallica.bnf.fr/ark:/12148/btv1b530904244.thumbnail
http://gallica.bnf.fr/ark:/12148/bpt6k128692k,http://gallica.bnf.fr/ark:/12148/btv1b53090428x.thumbnail
http://gallica.bnf.fr/ark:/12148/bpt6k128692k,http://gallica.bnf.fr/ark:/12148/btv1b53090429c.thumbnail
http://gallica.bnf.fr/ark:/12148/bpt6k128692k,http://gallica.bnf.fr/ark:/12148/btv1b53090430r.thumbnail
http://gallica.bnf.fr/ark:/12148/bpt6k128692k,http://gallica.bnf.fr/ark:/12148/btv1b53090437w.thumbnail
http://gallica.bnf.fr/ark:/12148/bpt6k128692k,http://gallica.bnf.fr/ark:/12148/btv1b53090438b.thumbnail
http://gallica.bnf.fr/ark:/12148/bpt6k128692k,http://gallica.bnf.fr/ark:/12148/btv1b530904405.thumbnail
http://gallica.bnf.fr/ark:/12148/bpt6k128692k,http://gallica.bnf.fr/ark:/12148/btv1b530904422.thumbnail
http://gallica.bnf.fr/ark:/12148/bpt6k128692k,http://gallica.bnf.fr/ark:/12148/btv1b530904479.thumbnail
http://gallica.bnf.fr/ark:/12148/bpt6k128692k,http://gallica.bnf.fr/ark:/12148/btv1b53090452g.thumbnail
http://gallica.bnf.fr/ark:/12148/bpt6k128692k,http://gallica.bnf.fr/ark:/12148/btv1b53090454c.thumbnail
http://gallica.bnf.fr/ark:/12148/bpt6k128692k,http://gallica.bnf.fr/ark:/12148/btv1b53090461f.thumbnail
http://gallica.bnf.fr/ark:/12148/bpt6k128692k,http://gallica.bnf.fr/ark:/12148/btv1b530904657.thumbnail
http://gallica.bnf.fr/ark:/12148/bpt6k128692k,http://gallica.bnf.fr/ark:/12148/btv1b53090470d.thumbnail
http://gallica.bnf.fr/ark:/12148/bpt6k128692k,http://gallica.bnf.fr/ark:/12148/btv1b53090473r.thumbnail
http://gallica.bnf.fr/ark:/12148/bpt6k128692k,http://gallica.bnf.fr/ark:/12148/btv1b530904818.thumbnail
http://gallica.bnf.fr/ark:/12148/bpt6k128692k,http://gallica.bnf.fr/ark:/12148/btv1b53090482q.thumbnail
http://gallica.bnf.fr/ark:/12148/bpt6k128692k,http://gallica.bnf.fr/ark:/12148/btv1b530904835.thumbnail
http://gallica.bnf.fr/ark:/12148/bpt6k128692k,http://gallica.bnf.fr/ark:/12148/btv1b53090493k.thumbnail
http://gallica.bnf.fr/ark:/12148/bpt6k128692k,http://gallica.bnf.fr/ark:/12148/btv1b53090511r.thumbnail
http://gallica.bnf.fr/ark:/12148/bpt6k128692k,http://gallica.bnf.fr/ark:/12148/btv1b530905126.thumbnail
http://gallica.bnf.fr/ark:/12148/bpt6k128692k,http://gallica.bnf.fr/ark:/12148/btv1b53090513n.thumbnail
http://gallica.bnf.fr/ark:/12148/bpt6k128692k,http://gallica.bnf.fr/ark:/12148/btv1b53090515j.thumbnail
http://gallica.bnf.fr/ark:/12148/bpt6k128692k,http://gallica.bnf.fr/ark:/12148/btv1b53090517f.thumbnail
http://gallica.bnf.fr/ark:/12148/bpt6k128692k,http://gallica.bnf.fr/ark:/12148/btv1b53090519b.thumbnail
http://gallica.bnf.fr/ark:/12148/bpt6k128692k,http://gallica.bnf.fr/ark:/12148/btv1b53090524h.thumbnail
http://gallica.bnf.fr/ark:/12148/bpt6k128692k,http://gallica.bnf.fr/ark:/12148/btv1b53090525z.thumbnail
http://gallica.bnf.fr/ark:/12148/bpt6k128692k,http://gallica.bnf.fr/ark:/12148/btv1b53090535c.thumbnail
http://gallica.bnf.fr/ark:/12148/bpt6k128692k,http://gallica.bnf.fr/ark:/12148/btv1b53090536t.thumbnail
http://gallica.bnf.fr/ark:/12148/bpt6k128692k,http://gallica.bnf.fr/ark:/12148/btv1b530905378.thumbnail
http://gallica.bnf.fr/ark:/12148/bpt6k128692k,http://gallica.bnf.fr/ark:/12148/btv1b53090540j.thumbnail
http://gallica.bnf.fr/ark:/12148/bpt6k128692k,http://gallica.bnf.fr/ark:/12148/btv1b53140000q.thumbnail
http://gallica.bnf.fr/ark:/12148/bpt6k128692k,http://gallica.bnf.fr/ark:/12148/btv1b53090448r.thumbnail
http://gallica.bnf.fr/ark:/12148/bpt6k128692k,http://gallica.bnf.fr/ark:/12148/btv1b530311394.thumbnail
http://gallica.bnf.fr/ark:/12148/bpt6k128692k,http://gallica.bnf.fr/ark:/12148/btv1b53090471v.thumbnail
http://gallica.bnf.fr/ark:/12148/bpt6k128692k,http://gallica.bnf.fr/ark:/12148/btv1b53090495g.thumbnail
http://gallica.bnf.fr/ark:/12148/bpt6k128692k,http://gallica.bnf.fr/ark:/12148/btv1b53090501b.thumbnail
http://gallica.bnf.fr/ark:/12148/bpt6k128692k,http://gallica.bnf.fr/ark:/12148/btv1b530905109.thumbnail
http://gallica.bnf.fr/ark:/12148/bpt6k128692k,http://gallica.bnf.fr/ark:/12148/btv1b10508140t.thumbnail
http://gallica.bnf.fr/ark:/12148/bpt6k128692k,http://gallica.bnf.fr/ark:/12148/btv1b52000934d.thumbnail
http://gallica.bnf.fr/ark:/12148/bpt6k128692k,http://gallica.bnf.fr/ark:/12148/btv1b53031125x.thumbnail
http://gallica.bnf.fr/ark:/12148/bpt6k128692k,http://gallica.bnf.fr/ark:/12148/btv1b53031126c.thumbnail
http://gallica.bnf.fr/ark:/12148/bpt6k128692k,http://gallica.bnf.fr/ark:/12148/btv1b53031127t.thumbnail
http://gallica.bnf.fr/ark:/12148/bpt6k128692k,http://gallica.bnf.fr/ark:/12148/btv1b53031129q.thumbnail
http://gallica.bnf.fr/ark:/12148/bpt6k128692k,http://gallica.bnf.fr/ark:/12148/btv1b530311303.thumbnail
http://gallica.bnf.fr/ark:/12148/bpt6k128692k,http://gallica.bnf.fr/ark:/12148/btv1b53031131j.thumbnail
http://gallica.bnf.fr/ark:/12148/bpt6k128692k,http://gallica.bnf.fr/ark:/12148/btv1b53031138p.thumbnail
http://gallica.bnf.fr/ark:/12148/bpt6k128692k,http://gallica.bnf.fr/ark:/12148/btv1b53031141z.thumbnail
http://gallica.bnf.fr/ark:/12148/bpt6k128692k,http://gallica.bnf.fr/ark:/12148/btv1b53031143v.thumbnail
http://gallica.bnf.fr/ark:/12148/bpt6k128692k,http://gallica.bnf.fr/ark:/12148/btv1b530311466.thumbnail
http://gallica.bnf.fr/ark:/12148/bpt6k128692k,http://gallica.bnf.fr/ark:/12148/btv1b530311483.thumbnail
http://gallica.bnf.fr/ark:/12148/bpt6k128692k,http://gallica.bnf.fr/ark:/12148/btv1b53031149j.thumbnail
http://gallica.bnf.fr/ark:/12148/bpt6k128692k,http://gallica.bnf.fr/ark:/12148/btv1b53031152t.thumbnail
http://gallica.bnf.fr/ark:/12148/bpt6k128692k,http://gallica.bnf.fr/ark:/12148/btv1b530311538.thumbnail
http://gallica.bnf.fr/ark:/12148/bpt6k128692k,http://gallica.bnf.fr/ark:/12148/btv1b530311555.thumbnail
http://gallica.bnf.fr/ark:/12148/bpt6k128692k,http://gallica.bnf.fr/ark:/12148/btv1b53031159z.thumbnail
http://gallica.bnf.fr/ark:/12148/bpt6k128692k,http://gallica.bnf.fr/ark:/12148/btv1b53031163p.thumbnail
http://gallica.bnf.fr/ark:/12148/bpt6k128692k,http://gallica.bnf.fr/ark:/12148/btv1b530311661.thumbnail
http://gallica.bnf.fr/ark:/12148/bpt6k128692k,http://gallica.bnf.fr/ark:/12148/btv1b53033840v.thumbnail
http://gallica.bnf.fr/ark:/12148/bpt6k128692k,http://gallica.bnf.fr/ark:/12148/btv1b530339085.thumbnail
http://gallica.bnf.fr/ark:/12148/bpt6k128692k,http://gallica.bnf.fr/ark:/12148/btv1b53033957s.thumbnail
http://gallica.bnf.fr/ark:/12148/bpt6k128692k,http://gallica.bnf.fr/ark:/12148/btv1b53033959p.thumbnail
http://gallica.bnf.fr/ark:/12148/bpt6k128692k,http://gallica.bnf.fr/ark:/12148/btv1b53033964v.thumbnail
http://gallica.bnf.fr/ark:/12148/bpt6k128692k,http://gallica.bnf.fr/ark:/12148/btv1b530339659.thumbnail
http://gallica.bnf.fr/ark:/12148/bpt6k128692k,http://gallica.bnf.fr/ark:/12148/btv1b53034001z.thumbnail
http://gallica.bnf.fr/ark:/12148/bpt6k128692k,http://gallica.bnf.fr/ark:/12148/btv1b530340405.thumbnail
http://gallica.bnf.fr/ark:/12148/bpt6k128692k,http://gallica.bnf.fr/ark:/12148/btv1b530340479.thumbnail
http://gallica.bnf.fr/ark:/12148/bpt6k128692k,http://gallica.bnf.fr/ark:/12148/btv1b530340511.thumbnail
http://gallica.bnf.fr/ark:/12148/bpt6k128692k,http://gallica.bnf.fr/ark:/12148/btv1b530340780.thumbnail
http://gallica.bnf.fr/ark:/12148/bpt6k128692k,http://gallica.bnf.fr/ark:/12148/btv1b53034089v.thumbnail
http://gallica.bnf.fr/ark:/12148/bpt6k128692k,http://gallica.bnf.fr/ark:/12148/btv1b530341395.thumbnail
http://gallica.bnf.fr/ark:/12148/bpt6k128692k,http://gallica.bnf.fr/ark:/12148/btv1b531188424.thumbnail
http://gallica.bnf.fr/ark:/12148/bpt6k128692k,http://gallica.bnf.fr/ark:/12148/btv1b53118843k.thumbnail
http://gallica.bnf.fr/ark:/12148/bpt6k128692k,http://gallica.bnf.fr/ark:/12148/btv1b8416173f.thumbnail
http://gallica.bnf.fr/ark:/12148/bpt6k128692k,http://gallica.bnf.fr/ark:/12148/btv1b84163912.thumbnail
http://gallica.bnf.fr/ark:/12148/bpt6k128692k,http://gallica.bnf.fr/ark:/12148/btv1b8417028k.thumbnail
http://gallica.bnf.fr/ark:/12148/bpt6k128692k,http://gallica.bnf.fr/ark:/12148/btv1b84170290.thumbnail
http://gallica.bnf.fr/ark:/12148/bpt6k128692k,http://gallica.bnf.fr/ark:/12148/btv1b8417030n.thumbnail
http://gallica.bnf.fr/ark:/12148/bpt6k128692k,http://gallica.bnf.fr/ark:/12148/btv1b84170312.thumbnail
http://gallica.bnf.fr/ark:/12148/bpt6k128692k,http://gallica.bnf.fr/ark:/12148/btv1b8417032g.thumbnail
http://gallica.bnf.fr/ark:/12148/bpt6k128692k,http://gallica.bnf.fr/ark:/12148/btv1b8417033w.thumbnail
http://gallica.bnf.fr/ark:/12148/bpt6k128692k,http://gallica.bnf.fr/ark:/12148/btv1b84170349.thumbnail
http://gallica.bnf.fr/ark:/12148/bpt6k128692k,http://gallica.bnf.fr/ark:/12148/btv1b8417035q.thumbnail
http://gallica.bnf.fr/ark:/12148/bpt6k128692k,http://gallica.bnf.fr/ark:/12148/btv1b84170364.thumbnail
http://gallica.bnf.fr/ark:/12148/bpt6k128692k,http://gallica.bnf.fr/ark:/12148/btv1b8417039c.thumbnail
http://gallica.bnf.fr/ark:/12148/bpt6k128692k,http://gallica.bnf.fr/ark:/12148/btv1b84170401.thumbnail
http://gallica.bnf.fr/ark:/12148/bpt6k128692k,http://gallica.bnf.fr/ark:/12148/btv1b8417041f.thumbnail
http://gallica.bnf.fr/ark:/12148/bpt6k128692k,http://gallica.bnf.fr/ark:/12148/btv1b8417042v.thumbnail
http://gallica.bnf.fr/ark:/12148/bpt6k128692k,http://gallica.bnf.fr/ark:/12148/btv1b84170438.thumbnail
http://gallica.bnf.fr/ark:/12148/bpt6k128692k,http://gallica.bnf.fr/ark:/12148/btv1b8417044p.thumbnail
http://gallica.bnf.fr/ark:/12148/bpt6k128692k,http://gallica.bnf.fr/ark:/12148/btv1b84170453.thumbnail
http://gallica.bnf.fr/ark:/12148/bpt6k128692k,http://gallica.bnf.fr/ark:/12148/btv1b8417046h.thumbnail
http://gallica.bnf.fr/ark:/12148/bpt6k128692k,http://gallica.bnf.fr/ark:/12148/btv1b8417047x.thumbnail
http://gallica.bnf.fr/ark:/12148/bpt6k128692k,http://gallica.bnf.fr/ark:/12148/btv1b8417048b.thumbnail
http://gallica.bnf.fr/ark:/12148/bpt6k128692k,http://gallica.bnf.fr/ark:/12148/btv1b8417051t.thumbnail
http://gallica.bnf.fr/ark:/12148/bpt6k128692k,http://gallica.bnf.fr/ark:/12148/btv1b84170527.thumbnail
http://gallica.bnf.fr/ark:/12148/bpt6k128692k,http://gallica.bnf.fr/ark:/12148/btv1b8417053n.thumbnail
http://gallica.bnf.fr/ark:/12148/bpt6k128692k,http://gallica.bnf.fr/ark:/12148/btv1b84170542.thumbnail
http://gallica.bnf.fr/ark:/12148/bpt6k128692k,http://gallica.bnf.fr/ark:/12148/btv1b8417055g.thumbnail
http://gallica.bnf.fr/ark:/12148/bpt6k128692k,http://gallica.bnf.fr/ark:/12148/btv1b84170579.thumbnail
http://gallica.bnf.fr/ark:/12148/bpt6k128692k,http://gallica.bnf.fr/ark:/12148/btv1b8417058q.thumbnail
http://gallica.bnf.fr/ark:/12148/bpt6k128692k,http://gallica.bnf.fr/ark:/12148/btv1b8417060s.thumbnail
http://gallica.bnf.fr/ark:/12148/bpt6k128692k,http://gallica.bnf.fr/ark:/12148/btv1b84170861.thumbnail
http://gallica.bnf.fr/ark:/12148/bpt6k128692k,http://gallica.bnf.fr/ark:/12148/btv1b8417087f.thumbnail
http://gallica.bnf.fr/ark:/12148/bpt6k128692k,http://gallica.bnf.fr/ark:/12148/btv1b84264211.thumbnail
http://gallica.bnf.fr/ark:/12148/bpt6k128692k,http://gallica.bnf.fr/ark:/12148/btv1b85512154.thumbnail
http://gallica.bnf.fr/ark:/12148/bpt6k128692k,http://gallica.bnf.fr/ark:/12148/btv1b9052308n.thumbnail
http://gallica.bnf.fr/ark:/12148/bpt6k128692k,http://gallica.bnf.fr/ark:/12148/btv1b9052326k.thumbnail
http://gallica.bnf.fr/ark:/12148/bpt6k128692k,http://gallica.bnf.fr/ark:/12148/btv1b90523433.thumbnail
http://gallica.bnf.fr/ark:/12148/bpt6k128692k,http://gallica.bnf.fr/ark:/12148/btv1b90523559.thumbnail
http://gallica.bnf.fr/ark:/12148/bpt6k128692k,http://gallica.bnf.fr/ark:/12148/btv1b90523700.thumbnail
http://gallica.bnf.fr/ark:/12148/bpt6k128692k,http://gallica.bnf.fr/ark:/12148/btv1b9052377w.thumbnail
http://gallica.bnf.fr/ark:/12148/bpt6k128692k,http://gallica.bnf.fr/ark:/12148/btv1b90523826.thumbnail
http://gallica.bnf.fr/ark:/12148/bpt6k128692k,http://gallica.bnf.fr/ark:/12148/btv1b52505175k.thumbnail
http://gallica.bnf.fr/ark:/12148/bpt6k128692k,http://gallica.bnf.fr/ark:/12148/btv1b530311288.thumbnail
http://gallica.bnf.fr/ark:/12148/bpt6k128692k,http://gallica.bnf.fr/ark:/12148/btv1b53090411c.thumbnail
http://gallica.bnf.fr/ark:/12148/bpt6k128692k,http://gallica.bnf.fr/ark:/12148/btv1b53090416m.thumbnail
http://gallica.bnf.fr/ark:/12148/bpt6k128692k,http://gallica.bnf.fr/ark:/12148/btv1b530904172.thumbnail
http://gallica.bnf.fr/ark:/12148/bpt6k128692k,http://gallica.bnf.fr/ark:/12148/btv1b53090418h.thumbnail
http://gallica.bnf.fr/ark:/12148/bpt6k128692k,http://gallica.bnf.fr/ark:/12148/btv1b53090421s.thumbnail
http://gallica.bnf.fr/ark:/12148/bpt6k128692k,http://gallica.bnf.fr/ark:/12148/btv1b53090423p.thumbnail
http://gallica.bnf.fr/ark:/12148/bpt6k128692k,http://gallica.bnf.fr/ark:/12148/btv1b530904261.thumbnail
http://gallica.bnf.fr/ark:/12148/bpt6k128692k,http://gallica.bnf.fr/ark:/12148/btv1b53090427g.thumbnail
http://gallica.bnf.fr/ark:/12148/bpt6k128692k,http://gallica.bnf.fr/ark:/12148/btv1b530904316.thumbnail
http://gallica.bnf.fr/ark:/12148/bpt6k128692k,http://gallica.bnf.fr/ark:/12148/btv1b53090432n.thumbnail
http://gallica.bnf.fr/ark:/12148/bpt6k128692k,http://gallica.bnf.fr/ark:/12148/btv1b530904333.thumbnail
http://gallica.bnf.fr/ark:/12148/bpt6k128692k,http://gallica.bnf.fr/ark:/12148/btv1b53090434j.thumbnail
http://gallica.bnf.fr/ark:/12148/bpt6k128692k,http://gallica.bnf.fr/ark:/12148/btv1b530904350.thumbnail
http://gallica.bnf.fr/ark:/12148/bpt6k128692k,http://gallica.bnf.fr/ark:/12148/btv1b53090436f.thumbnail
http://gallica.bnf.fr/ark:/12148/bpt6k128692k,http://gallica.bnf.fr/ark:/12148/btv1b53090439s.thumbnail
http://gallica.bnf.fr/ark:/12148/bpt6k128692k,http://gallica.bnf.fr/ark:/12148/btv1b53090441m.thumbnail
http://gallica.bnf.fr/ark:/12148/bpt6k128692k,http://gallica.bnf.fr/ark:/12148/btv1b53090443h.thumbnail
http://gallica.bnf.fr/ark:/12148/bpt6k128692k,http://gallica.bnf.fr/ark:/12148/btv1b53090444z.thumbnail
http://gallica.bnf.fr/ark:/12148/bpt6k128692k,http://gallica.bnf.fr/ark:/12148/btv1b53090445d.thumbnail
http://gallica.bnf.fr/ark:/12148/bpt6k128692k,http://gallica.bnf.fr/ark:/12148/btv1b53090446v.thumbnail
http://gallica.bnf.fr/ark:/12148/bpt6k128692k,http://gallica.bnf.fr/ark:/12148/btv1b530904496.thumbnail
http://gallica.bnf.fr/ark:/12148/bpt6k128692k,http://gallica.bnf.fr/ark:/12148/btv1b53090450k.thumbnail
http://gallica.bnf.fr/ark:/12148/bpt6k128692k,http://gallica.bnf.fr/ark:/12148/btv1b530904511.thumbnail
http://gallica.bnf.fr/ark:/12148/bpt6k128692k,http://gallica.bnf.fr/ark:/12148/btv1b53090453x.thumbnail
http://gallica.bnf.fr/ark:/12148/bpt6k128692k,http://gallica.bnf.fr/ark:/12148/btv1b53090455t.thumbnail
http://gallica.bnf.fr/ark:/12148/bpt6k128692k,http://gallica.bnf.fr/ark:/12148/btv1b530904568.thumbnail
http://gallica.bnf.fr/ark:/12148/bpt6k128692k,http://gallica.bnf.fr/ark:/12148/btv1b53090457q.thumbnail
http://gallica.bnf.fr/ark:/12148/bpt6k128692k,http://gallica.bnf.fr/ark:/12148/btv1b530904585.thumbnail
http://gallica.bnf.fr/ark:/12148/bpt6k128692k,http://gallica.bnf.fr/ark:/12148/btv1b53090459m.thumbnail
http://gallica.bnf.fr/ark:/12148/bpt6k128692k,http://gallica.bnf.fr/ark:/12148/btv1b53090462w.thumbnail
http://gallica.bnf.fr/ark:/12148/bpt6k128692k,http://gallica.bnf.fr/ark:/12148/btv1b53090463b.thumbnail
http://gallica.bnf.fr/ark:/12148/bpt6k128692k,http://gallica.bnf.fr/ark:/12148/btv1b53090464s.thumbnail
http://gallica.bnf.fr/ark:/12148/bpt6k128692k,http://gallica.bnf.fr/ark:/12148/btv1b53090466p.thumbnail
http://gallica.bnf.fr/ark:/12148/bpt6k128692k,http://gallica.bnf.fr/ark:/12148/btv1b530904674.thumbnail
http://gallica.bnf.fr/ark:/12148/bpt6k128692k,http://gallica.bnf.fr/ark:/12148/btv1b53090468k.thumbnail
http://gallica.bnf.fr/ark:/12148/bpt6k128692k,http://gallica.bnf.fr/ark:/12148/btv1b530904691.thumbnail
http://gallica.bnf.fr/ark:/12148/bpt6k128692k,http://gallica.bnf.fr/ark:/12148/btv1b530904729.thumbnail
http://gallica.bnf.fr/ark:/12148/bpt6k128692k,http://gallica.bnf.fr/ark:/12148/btv1b530904746.thumbnail
http://gallica.bnf.fr/ark:/12148/bpt6k128692k,http://gallica.bnf.fr/ark:/12148/btv1b53090475n.thumbnail
http://gallica.bnf.fr/ark:/12148/bpt6k128692k,http://gallica.bnf.fr/ark:/12148/btv1b530904763.thumbnail
http://gallica.bnf.fr/ark:/12148/bpt6k128692k,http://gallica.bnf.fr/ark:/12148/btv1b530904780.thumbnail
http://gallica.bnf.fr/ark:/12148/bpt6k128692k,http://gallica.bnf.fr/ark:/12148/btv1b53090479f.thumbnail
http://gallica.bnf.fr/ark:/12148/bpt6k128692k,http://gallica.bnf.fr/ark:/12148/btv1b53090480t.thumbnail
http://gallica.bnf.fr/ark:/12148/bpt6k128692k,http://gallica.bnf.fr/ark:/12148/btv1b53090484m.thumbnail
http://gallica.bnf.fr/ark:/12148/bpt6k128692k,http://gallica.bnf.fr/ark:/12148/btv1b530904852.thumbnail
http://gallica.bnf.fr/ark:/12148/bpt6k128692k,http://gallica.bnf.fr/ark:/12148/btv1b53090486h.thumbnail
http://gallica.bnf.fr/ark:/12148/bpt6k128692k,http://gallica.bnf.fr/ark:/12148/btv1b530904907.thumbnail
http://gallica.bnf.fr/ark:/12148/bpt6k128692k,http://gallica.bnf.fr/ark:/12148/btv1b53090491p.thumbnail
http://gallica.bnf.fr/ark:/12148/bpt6k128692k,http://gallica.bnf.fr/ark:/12148/btv1b530904924.thumbnail
http://gallica.bnf.fr/ark:/12148/bpt6k128692k,http://gallica.bnf.fr/ark:/12148/btv1b530904941.thumbnail
http://gallica.bnf.fr/ark:/12148/bpt6k128692k,http://gallica.bnf.fr/ark:/12148/btv1b53090496x.thumbnail
http://gallica.bnf.fr/ark:/12148/bpt6k128692k,http://gallica.bnf.fr/ark:/12148/btv1b53090498t.thumbnail
http://gallica.bnf.fr/ark:/12148/bpt6k128692k,http://gallica.bnf.fr/ark:/12148/btv1b530904998.thumbnail
http://gallica.bnf.fr/ark:/12148/bpt6k128692k,http://gallica.bnf.fr/ark:/12148/btv1b53090500w.thumbnail
http://gallica.bnf.fr/ark:/12148/bpt6k128692k,http://gallica.bnf.fr/ark:/12148/btv1b53090502s.thumbnail
http://gallica.bnf.fr/ark:/12148/bpt6k128692k,http://gallica.bnf.fr/ark:/12148/btv1b530905037.thumbnail
http://gallica.bnf.fr/ark:/12148/bpt6k128692k,http://gallica.bnf.fr/ark:/12148/btv1b53090504p.thumbnail
http://gallica.bnf.fr/ark:/12148/bpt6k128692k,http://gallica.bnf.fr/ark:/12148/btv1b530905054.thumbnail
http://gallica.bnf.fr/ark:/12148/bpt6k128692k,http://gallica.bnf.fr/ark:/12148/btv1b53090506k.thumbnail
http://gallica.bnf.fr/ark:/12148/bpt6k128692k,http://gallica.bnf.fr/ark:/12148/btv1b530905071.thumbnail
http://gallica.bnf.fr/ark:/12148/bpt6k128692k,http://gallica.bnf.fr/ark:/12148/btv1b53090508g.thumbnail
http://gallica.bnf.fr/ark:/12148/bpt6k128692k,http://gallica.bnf.fr/ark:/12148/btv1b53090509x.thumbnail
http://gallica.bnf.fr/ark:/12148/bpt6k128692k,http://gallica.bnf.fr/ark:/12148/btv1b53090520q.thumbnail
http://gallica.bnf.fr/ark:/12148/bpt6k128692k,http://gallica.bnf.fr/ark:/12148/btv1b530905215.thumbnail
http://gallica.bnf.fr/ark:/12148/bpt6k128692k,http://gallica.bnf.fr/ark:/12148/btv1b53090522m.thumbnail
http://gallica.bnf.fr/ark:/12148/bpt6k128692k,http://gallica.bnf.fr/ark:/12148/btv1b530905232.thumbnail
http://gallica.bnf.fr/ark:/12148/bpt6k128692k,http://gallica.bnf.fr/ark:/12148/btv1b53090526d.thumbnail
http://gallica.bnf.fr/ark:/12148/bpt6k128692k,http://gallica.bnf.fr/ark:/12148/btv1b53090527v.thumbnail
http://gallica.bnf.fr/ark:/12148/bpt6k128692k,http://gallica.bnf.fr/ark:/12148/btv1b530905289.thumbnail
http://gallica.bnf.fr/ark:/12148/bpt6k128692k,http://gallica.bnf.fr/ark:/12148/btv1b53090529r.thumbnail
http://gallica.bnf.fr/ark:/12148/bpt6k128692k,http://gallica.bnf.fr/ark:/12148/btv1b530905304.thumbnail
http://gallica.bnf.fr/ark:/12148/bpt6k128692k,http://gallica.bnf.fr/ark:/12148/btv1b53090531k.thumbnail
http://gallica.bnf.fr/ark:/12148/bpt6k128692k,http://gallica.bnf.fr/ark:/12148/btv1b530905321.thumbnail
http://gallica.bnf.fr/ark:/12148/bpt6k128692k,http://gallica.bnf.fr/ark:/12148/btv1b53090533g.thumbnail
http://gallica.bnf.fr/ark:/12148/bpt6k128692k,http://gallica.bnf.fr/ark:/12148/btv1b53090538q.thumbnail
http://gallica.bnf.fr/ark:/12148/bpt6k128692k,http://gallica.bnf.fr/ark:/12148/btv1b530905395.thumbnail
http://gallica.bnf.fr/ark:/12148/bpt6k128692k,http://gallica.bnf.fr/ark:/12148/btv1b8417056w.thumbnail
http://gallica.bnf.fr/ark:/12148/bpt6k128692k,http://gallica.bnf.fr/ark:/12148/btv1b530311644.thumbnail
http://gallica.bnf.fr/ark:/12148/bpt6k128692k,http://gallica.bnf.fr/ark:/12148/btv1b530904600.thumbnail
http://gallica.bnf.fr/ark:/12148/bpt6k128692k,http://gallica.bnf.fr/ark:/12148/btv1b53090487z.thumbnail
http://gallica.bnf.fr/ark:/12148/bpt6k128692k,http://gallica.bnf.fr/ark:/12148/btv1b53090488d.thumbnail
http://gallica.bnf.fr/ark:/12148/bpt6k128692k,http://gallica.bnf.fr/ark:/12148/btv1b53034032n.thumbnail
http://gallica.bnf.fr/ark:/12148/bpt6k128692k,http://gallica.bnf.fr/ark:/12148/btv1b6401149j.thumbnail
http://gallica.bnf.fr/ark:/12148/bpt6k128692k,"https://upload.wikimedia.org/wikipedia/commons/f/f9/Claude_Debussy_ca_1908,_foto_av_FÃ©lix_Nadar.jpg"
http://gallica.bnf.fr/ark:/12148/bpt6k128692k,https://upload.wikimedia.org/wikipedia/commons/0/0d/Albert_Wolff_01.jpg
http://gallica.bnf.fr/ark:/12148/bpt6k1311080h,http://commons.wikimedia.org/wiki/Special:FilePath/Rouget_de_Lisle1.JPG
http://gallica.bnf.fr/ark:/12148/bpt6k1311080h,http://commons.wikimedia.org/wiki/Special:FilePath/Rouget_de_Lisle1.JPG?width=300
http://gallica.bnf.fr/ark:/12148/bpt6k1311080h,http://commons.wikimedia.org/wiki/Special:FilePath/SarahBernhardt1880.jpg
http://gallica.bnf.fr/ark:/12148/bpt6k1311080h,http://commons.wikimedia.org/wiki/Special:FilePath/SarahBernhardt1880.jpg?width=300
http://gallica.bnf.fr/ark:/12148/bpt6k1311080h,http://gallica.bnf.fr/ark:/12148/btv1b53028667g.thumbnail
http://gallica.bnf.fr/ark:/12148/bpt6k1311080h,http://gallica.bnf.fr/ark:/12148/btv1b53028715w.thumbnail
http://gallica.bnf.fr/ark:/12148/bpt6k1311080h,http://gallica.bnf.fr/ark:/12148/btv1b10522463p.thumbnail
http://gallica.bnf.fr/ark:/12148/bpt6k1311080h,http://gallica.bnf.fr/ark:/12148/btv1b69082928.thumbnail
http://gallica.bnf.fr/ark:/12148/bpt6k1311080h,http://gallica.bnf.fr/ark:/12148/btv1b6908293p.thumbnail
http://gallica.bnf.fr/ark:/12148/bpt6k1311080h,http://gallica.bnf.fr/ark:/12148/btv1b69082943.thumbnail
http://gallica.bnf.fr/ark:/12148/bpt6k1311080h,http://gallica.bnf.fr/ark:/12148/btv1b6908425j.thumbnail
http://gallica.bnf.fr/ark:/12148/bpt6k1311080h,http://gallica.bnf.fr/ark:/12148/btv1b6908426z.thumbnail
http://gallica.bnf.fr/ark:/12148/bpt6k1311080h,http://gallica.bnf.fr/ark:/12148/btv1b6908427c.thumbnail
http://gallica.bnf.fr/ark:/12148/bpt6k1311080h,http://gallica.bnf.fr/ark:/12148/btv1b6908428s.thumbnail
http://gallica.bnf.fr/ark:/12148/bpt6k1311080h,http://gallica.bnf.fr/ark:/12148/btv1b69084296.thumbnail
http://gallica.bnf.fr/ark:/12148/bpt6k1311080h,http://gallica.bnf.fr/ark:/12148/btv1b6908430v.thumbnail
http://gallica.bnf.fr/ark:/12148/bpt6k1311080h,http://gallica.bnf.fr/ark:/12148/btv1b6908432p.thumbnail
http://gallica.bnf.fr/ark:/12148/bpt6k1311080h,http://gallica.bnf.fr/ark:/12148/btv1b69084333.thumbnail
http://gallica.bnf.fr/ark:/12148/bpt6k1311080h,http://gallica.bnf.fr/ark:/12148/btv1b6908434h.thumbnail
http://gallica.bnf.fr/ark:/12148/bpt6k1311080h,http://gallica.bnf.fr/ark:/12148/btv1b6908435x.thumbnail
http://gallica.bnf.fr/ark:/12148/bpt6k1311080h,http://gallica.bnf.fr/ark:/12148/btv1b6908436b.thumbnail
http://gallica.bnf.fr/ark:/12148/bpt6k1311080h,http://gallica.bnf.fr/ark:/12148/btv1b6908437r.thumbnail
http://gallica.bnf.fr/ark:/12148/bpt6k1311080h,http://gallica.bnf.fr/ark:/12148/btv1b69084385.thumbnail
http://gallica.bnf.fr/ark:/12148/bpt6k1311080h,http://gallica.bnf.fr/ark:/12148/btv1b6908439k.thumbnail
http://gallica.bnf.fr/ark:/12148/bpt6k1311080h,http://gallica.bnf.fr/ark:/12148/btv1b84115419.thumbnail
http://gallica.bnf.fr/ark:/12148/bpt6k1311080h,http://gallica.bnf.fr/ark:/12148/btv1b8424461x.thumbnail
http://gallica.bnf.fr/ark:/12148/bpt6k1311080h,http://gallica.bnf.fr/ark:/12148/btv1b8424462b.thumbnail
http://gallica.bnf.fr/ark:/12148/bpt6k1311080h,http://gallica.bnf.fr/ark:/12148/btv1b8424463r.thumbnail
http://gallica.bnf.fr/ark:/12148/bpt6k1311080h,http://gallica.bnf.fr/ark:/12148/btv1b84244645.thumbnail
http://gallica.bnf.fr/ark:/12148/bpt6k1311080h,http://gallica.bnf.fr/ark:/12148/btv1b8424465k.thumbnail
http://gallica.bnf.fr/ark:/12148/bpt6k1311080h,http://gallica.bnf.fr/ark:/12148/btv1b84244660.thumbnail
http://gallica.bnf.fr/ark:/12148/bpt6k1311080h,http://gallica.bnf.fr/ark:/12148/btv1b8424467d.thumbnail
http://gallica.bnf.fr/ark:/12148/bpt6k1311080h,http://gallica.bnf.fr/ark:/12148/btv1b8424470w.thumbnail
http://gallica.bnf.fr/ark:/12148/bpt6k1311080h,http://gallica.bnf.fr/ark:/12148/btv1b8424468t.thumbnail
http://gallica.bnf.fr/ark:/12148/bpt6k1311080h,http://gallica.bnf.fr/ark:/12148/btv1b84244697.thumbnail
http://gallica.bnf.fr/ark:/12148/bpt6k1311080h,http://gallica.bnf.fr/ark:/12148/btv1b10518448v.thumbnail
http://gallica.bnf.fr/ark:/12148/bpt6k1311080h,http://gallica.bnf.fr/ark:/12148/btv1b530286449.thumbnail
http://gallica.bnf.fr/ark:/12148/bpt6k1311080h,http://gallica.bnf.fr/ark:/12148/btv1b530286805.thumbnail
http://gallica.bnf.fr/ark:/12148/bpt6k1311080h,http://gallica.bnf.fr/ark:/12148/btv1b69084318.thumbnail
http://gallica.bnf.fr/ark:/12148/bpt6k1311080h,http://gallica.bnf.fr/ark:/12148/btv1b84244719.thumbnail
http://gallica.bnf.fr/ark:/12148/bpt6k1311080h,http://gallica.bnf.fr/ark:/12148/btv1b8438744z.thumbnail
http://gallica.bnf.fr/ark:/12148/bpt6k1311080h,http://gallica.bnf.fr/ark:/12148/btv1b53138012g.thumbnail
http://gallica.bnf.fr/ark:/12148/bpt6k1311080h,http://gallica.bnf.fr/ark:/12148/btv1b53140688w.thumbnail
http://gallica.bnf.fr/ark:/12148/bpt6k1311080h,http://gallica.bnf.fr/ark:/12148/btv1b84387832.thumbnail
http://gallica.bnf.fr/ark:/12148/bpt6k1311080h,http://gallica.bnf.fr/ark:/12148/btv1b84380434.thumbnail
http://gallica.bnf.fr/ark:/12148/bpt6k1311080h,http://gallica.bnf.fr/ark:/12148/btv1b8438044j.thumbnail
http://gallica.bnf.fr/ark:/12148/bpt6k1311080h,http://gallica.bnf.fr/ark:/12148/btv1b8438721z.thumbnail
http://gallica.bnf.fr/ark:/12148/bpt6k1311080h,http://gallica.bnf.fr/ark:/12148/btv1b8438761g.thumbnail
http://gallica.bnf.fr/ark:/12148/bpt6k1311080h,http://gallica.bnf.fr/ark:/12148/btv1b531380435.thumbnail
http://gallica.bnf.fr/ark:/12148/bpt6k1311080h,http://gallica.bnf.fr/ark:/12148/btv1b8438764q.thumbnail
http://gallica.bnf.fr/ark:/12148/bpt6k1311080h,http://gallica.bnf.fr/ark:/12148/btv1b53138040t.thumbnail
http://gallica.bnf.fr/ark:/12148/bpt6k1311080h,http://gallica.bnf.fr/ark:/12148/btv1b531407028.thumbnail
http://gallica.bnf.fr/ark:/12148/bpt6k1311080h,http://gallica.bnf.fr/ark:/12148/btv1b8438731b.thumbnail
http://gallica.bnf.fr/ark:/12148/bpt6k1311080h,http://gallica.bnf.fr/ark:/12148/btv1b53129592q.thumbnail
http://gallica.bnf.fr/ark:/12148/bpt6k1311080h,http://gallica.bnf.fr/ark:/12148/btv1b53152581c.thumbnail
http://gallica.bnf.fr/ark:/12148/bpt6k1311080h,http://gallica.bnf.fr/ark:/12148/btv1b53152582t.thumbnail
http://gallica.bnf.fr/ark:/12148/bpt6k1311080h,http://gallica.bnf.fr/ark:/12148/btv1b531525838.thumbnail
http://gallica.bnf.fr/ark:/12148/bpt6k1311080h,http://gallica.bnf.fr/ark:/12148/btv1b53152584q.thumbnail
http://gallica.bnf.fr/ark:/12148/bpt6k1311080h,http://gallica.bnf.fr/ark:/12148/btv1b531525855.thumbnail
http://gallica.bnf.fr/ark:/12148/bpt6k1311080h,http://gallica.bnf.fr/ark:/12148/btv1b53152586m.thumbnail
http://gallica.bnf.fr/ark:/12148/bpt6k1311080h,http://gallica.bnf.fr/ark:/12148/btv1b531525872.thumbnail
http://gallica.bnf.fr/ark:/12148/bpt6k1311080h,http://gallica.bnf.fr/ark:/12148/btv1b53152588h.thumbnail
http://gallica.bnf.fr/ark:/12148/bpt6k1311080h,http://gallica.bnf.fr/ark:/12148/btv1b53152589z.thumbnail
http://gallica.bnf.fr/ark:/12148/bpt6k1311080h,http://gallica.bnf.fr/ark:/12148/btv1b53152590b.thumbnail
http://gallica.bnf.fr/ark:/12148/bpt6k1311080h,http://gallica.bnf.fr/ark:/12148/btv1b53152591s.thumbnail
http://gallica.bnf.fr/ark:/12148/bpt6k1311080h,http://gallica.bnf.fr/ark:/12148/btv1b531525927.thumbnail
http://gallica.bnf.fr/ark:/12148/bpt6k1311080h,http://gallica.bnf.fr/ark:/12148/btv1b531540387.thumbnail
http://gallica.bnf.fr/ark:/12148/bpt6k1311080h,http://gallica.bnf.fr/ark:/12148/btv1b53154039p.thumbnail
http://gallica.bnf.fr/ark:/12148/bpt6k1311080h,http://gallica.bnf.fr/ark:/12148/btv1b531540402.thumbnail
http://gallica.bnf.fr/ark:/12148/bpt6k1311080h,http://gallica.bnf.fr/ark:/12148/btv1b53154041h.thumbnail
http://gallica.bnf.fr/ark:/12148/bpt6k1311080h,http://gallica.bnf.fr/ark:/12148/btv1b53154042z.thumbnail
http://gallica.bnf.fr/ark:/12148/bpt6k1311080h,http://gallica.bnf.fr/ark:/12148/btv1b53154043d.thumbnail
http://gallica.bnf.fr/ark:/12148/bpt6k1311080h,http://gallica.bnf.fr/ark:/12148/btv1b53154323q.thumbnail
http://gallica.bnf.fr/ark:/12148/bpt6k1311080h,http://gallica.bnf.fr/ark:/12148/btv1b531543245.thumbnail
http://gallica.bnf.fr/ark:/12148/bpt6k1311080h,http://gallica.bnf.fr/ark:/12148/btv1b10535189d.thumbnail
http://gallica.bnf.fr/ark:/12148/bpt6k1311080h,http://gallica.bnf.fr/ark:/12148/btv1b10535485r.thumbnail
http://gallica.bnf.fr/ark:/12148/bpt6k1311080h,http://gallica.bnf.fr/ark:/12148/btv1b105354883.thumbnail
http://gallica.bnf.fr/ark:/12148/bpt6k1311080h,http://gallica.bnf.fr/ark:/12148/btv1b530497703.thumbnail
http://gallica.bnf.fr/ark:/12148/bpt6k1311080h,http://gallica.bnf.fr/ark:/12148/btv1b53049857s.thumbnail
http://gallica.bnf.fr/ark:/12148/bpt6k1311080h,http://gallica.bnf.fr/ark:/12148/btv1b53049863d.thumbnail
http://gallica.bnf.fr/ark:/12148/bpt6k1311080h,http://gallica.bnf.fr/ark:/12148/btv1b53049886k.thumbnail
http://gallica.bnf.fr/ark:/12148/bpt6k1311080h,http://gallica.bnf.fr/ark:/12148/btv1b53062962j.thumbnail
http://gallica.bnf.fr/ark:/12148/bpt6k1311080h,http://gallica.bnf.fr/ark:/12148/btv1b53062978n.thumbnail
http://gallica.bnf.fr/ark:/12148/bpt6k1311080h,http://gallica.bnf.fr/ark:/12148/btv1b53062982c.thumbnail
http://gallica.bnf.fr/ark:/12148/bpt6k1311080h,http://gallica.bnf.fr/ark:/12148/btv1b530658643.thumbnail
http://gallica.bnf.fr/ark:/12148/bpt6k1311080h,http://gallica.bnf.fr/ark:/12148/btv1b53071654v.thumbnail
http://gallica.bnf.fr/ark:/12148/bpt6k1311080h,http://gallica.bnf.fr/ark:/12148/btv1b530716559.thumbnail
http://gallica.bnf.fr/ark:/12148/bpt6k1311080h,http://gallica.bnf.fr/ark:/12148/btv1b53086325z.thumbnail
http://gallica.bnf.fr/ark:/12148/bpt6k1311080h,http://gallica.bnf.fr/ark:/12148/btv1b53097878x.thumbnail
http://gallica.bnf.fr/ark:/12148/bpt6k1311080h,http://gallica.bnf.fr/ark:/12148/btv1b53097879c.thumbnail
http://gallica.bnf.fr/ark:/12148/bpt6k1311080h,http://gallica.bnf.fr/ark:/12148/btv1b53097880r.thumbnail
http://gallica.bnf.fr/ark:/12148/bpt6k1311080h,http://gallica.bnf.fr/ark:/12148/btv1b530978816.thumbnail
http://gallica.bnf.fr/ark:/12148/bpt6k1311080h,http://gallica.bnf.fr/ark:/12148/btv1b53097882n.thumbnail
http://gallica.bnf.fr/ark:/12148/bpt6k1311080h,http://gallica.bnf.fr/ark:/12148/btv1b53103108g.thumbnail
http://gallica.bnf.fr/ark:/12148/bpt6k1311080h,http://gallica.bnf.fr/ark:/12148/btv1b53103109x.thumbnail
http://gallica.bnf.fr/ark:/12148/bpt6k1311080h,http://gallica.bnf.fr/ark:/12148/btv1b531031109.thumbnail
http://gallica.bnf.fr/ark:/12148/bpt6k1311080h,http://gallica.bnf.fr/ark:/12148/btv1b53103111r.thumbnail
http://gallica.bnf.fr/ark:/12148/bpt6k1311080h,http://gallica.bnf.fr/ark:/12148/btv1b531031126.thumbnail
http://gallica.bnf.fr/ark:/12148/bpt6k1311080h,http://gallica.bnf.fr/ark:/12148/btv1b53103113n.thumbnail
http://gallica.bnf.fr/ark:/12148/bpt6k1311080h,http://gallica.bnf.fr/ark:/12148/btv1b531031143.thumbnail
http://gallica.bnf.fr/ark:/12148/bpt6k1311080h,http://gallica.bnf.fr/ark:/12148/btv1b53103115j.thumbnail
http://gallica.bnf.fr/ark:/12148/bpt6k1311080h,http://gallica.bnf.fr/ark:/12148/btv1b531031160.thumbnail
http://gallica.bnf.fr/ark:/12148/bpt6k1311080h,http://gallica.bnf.fr/ark:/12148/btv1b53103135c.thumbnail
http://gallica.bnf.fr/ark:/12148/bpt6k1311080h,http://gallica.bnf.fr/ark:/12148/btv1b53103136t.thumbnail
http://gallica.bnf.fr/ark:/12148/bpt6k1311080h,http://gallica.bnf.fr/ark:/12148/btv1b531031378.thumbnail
http://gallica.bnf.fr/ark:/12148/bpt6k1311080h,http://gallica.bnf.fr/ark:/12148/btv1b53103138q.thumbnail
http://gallica.bnf.fr/ark:/12148/bpt6k1311080h,http://gallica.bnf.fr/ark:/12148/btv1b531031395.thumbnail
http://gallica.bnf.fr/ark:/12148/bpt6k1311080h,http://gallica.bnf.fr/ark:/12148/btv1b53104110n.thumbnail
http://gallica.bnf.fr/ark:/12148/bpt6k1311080h,http://gallica.bnf.fr/ark:/12148/btv1b53107288j.thumbnail
http://gallica.bnf.fr/ark:/12148/bpt6k1311080h,http://gallica.bnf.fr/ark:/12148/btv1b531073219.thumbnail
http://gallica.bnf.fr/ark:/12148/bpt6k1311080h,http://gallica.bnf.fr/ark:/12148/btv1b53107322r.thumbnail
http://gallica.bnf.fr/ark:/12148/bpt6k1311080h,http://gallica.bnf.fr/ark:/12148/btv1b53107363v.thumbnail
http://gallica.bnf.fr/ark:/12148/bpt6k1311080h,http://gallica.bnf.fr/ark:/12148/btv1b53107861v.thumbnail
http://gallica.bnf.fr/ark:/12148/bpt6k1311080h,http://gallica.bnf.fr/ark:/12148/btv1b53109101d.thumbnail
http://gallica.bnf.fr/ark:/12148/bpt6k1311080h,http://gallica.bnf.fr/ark:/12148/btv1b53111652c.thumbnail
http://gallica.bnf.fr/ark:/12148/bpt6k1311080h,http://gallica.bnf.fr/ark:/12148/btv1b53111653t.thumbnail
http://gallica.bnf.fr/ark:/12148/bpt6k1311080h,http://gallica.bnf.fr/ark:/12148/btv1b531116548.thumbnail
http://gallica.bnf.fr/ark:/12148/bpt6k1311080h,http://gallica.bnf.fr/ark:/12148/btv1b53111655q.thumbnail
http://gallica.bnf.fr/ark:/12148/bpt6k1311080h,http://gallica.bnf.fr/ark:/12148/btv1b531116565.thumbnail
http://gallica.bnf.fr/ark:/12148/bpt6k1311080h,http://gallica.bnf.fr/ark:/12148/btv1b53111657m.thumbnail
http://gallica.bnf.fr/ark:/12148/bpt6k1311080h,http://gallica.bnf.fr/ark:/12148/btv1b531116582.thumbnail
http://gallica.bnf.fr/ark:/12148/bpt6k1311080h,http://gallica.bnf.fr/ark:/12148/btv1b53111659h.thumbnail
http://gallica.bnf.fr/ark:/12148/bpt6k1311080h,http://gallica.bnf.fr/ark:/12148/btv1b53111660w.thumbnail
http://gallica.bnf.fr/ark:/12148/bpt6k1311080h,http://gallica.bnf.fr/ark:/12148/btv1b53111661b.thumbnail
http://gallica.bnf.fr/ark:/12148/bpt6k1311080h,http://gallica.bnf.fr/ark:/12148/btv1b53111662s.thumbnail
http://gallica.bnf.fr/ark:/12148/bpt6k1311080h,http://gallica.bnf.fr/ark:/12148/btv1b531116637.thumbnail
http://gallica.bnf.fr/ark:/12148/bpt6k1311080h,http://gallica.bnf.fr/ark:/12148/btv1b53111664p.thumbnail
http://gallica.bnf.fr/ark:/12148/bpt6k1311080h,http://gallica.bnf.fr/ark:/12148/btv1b53111685z.thumbnail
http://gallica.bnf.fr/ark:/12148/bpt6k1311080h,http://gallica.bnf.fr/ark:/12148/btv1b53111686d.thumbnail
http://gallica.bnf.fr/ark:/12148/bpt6k1311080h,http://gallica.bnf.fr/ark:/12148/btv1b53111687v.thumbnail
http://gallica.bnf.fr/ark:/12148/bpt6k1311080h,http://gallica.bnf.fr/ark:/12148/btv1b531116889.thumbnail
http://gallica.bnf.fr/ark:/12148/bpt6k1311080h,http://gallica.bnf.fr/ark:/12148/btv1b53111689r.thumbnail
http://gallica.bnf.fr/ark:/12148/bpt6k1311080h,http://gallica.bnf.fr/ark:/12148/btv1b531116904.thumbnail
http://gallica.bnf.fr/ark:/12148/bpt6k1311080h,http://gallica.bnf.fr/ark:/12148/btv1b53111691k.thumbnail
http://gallica.bnf.fr/ark:/12148/bpt6k1311080h,http://gallica.bnf.fr/ark:/12148/btv1b531116921.thumbnail
http://gallica.bnf.fr/ark:/12148/bpt6k1311080h,http://gallica.bnf.fr/ark:/12148/btv1b53111693g.thumbnail
http://gallica.bnf.fr/ark:/12148/bpt6k1311080h,http://gallica.bnf.fr/ark:/12148/btv1b53111694x.thumbnail
http://gallica.bnf.fr/ark:/12148/bpt6k1311080h,http://gallica.bnf.fr/ark:/12148/btv1b53111695c.thumbnail
http://gallica.bnf.fr/ark:/12148/bpt6k1311080h,http://gallica.bnf.fr/ark:/12148/btv1b53111696t.thumbnail
http://gallica.bnf.fr/ark:/12148/bpt6k1311080h,http://gallica.bnf.fr/ark:/12148/btv1b531116978.thumbnail
http://gallica.bnf.fr/ark:/12148/bpt6k1311080h,http://gallica.bnf.fr/ark:/12148/btv1b53111698q.thumbnail
http://gallica.bnf.fr/ark:/12148/bpt6k1311080h,http://gallica.bnf.fr/ark:/12148/btv1b531116995.thumbnail
http://gallica.bnf.fr/ark:/12148/bpt6k1311080h,http://gallica.bnf.fr/ark:/12148/btv1b53111700s.thumbnail
http://gallica.bnf.fr/ark:/12148/bpt6k1311080h,http://gallica.bnf.fr/ark:/12148/btv1b531117017.thumbnail
http://gallica.bnf.fr/ark:/12148/bpt6k1311080h,http://gallica.bnf.fr/ark:/12148/btv1b53111702p.thumbnail
http://gallica.bnf.fr/ark:/12148/bpt6k1311080h,http://gallica.bnf.fr/ark:/12148/btv1b531117034.thumbnail
http://gallica.bnf.fr/ark:/12148/bpt6k1311080h,http://gallica.bnf.fr/ark:/12148/btv1b53111704k.thumbnail
http://gallica.bnf.fr/ark:/12148/bpt6k1311080h,http://gallica.bnf.fr/ark:/12148/btv1b531117051.thumbnail
http://gallica.bnf.fr/ark:/12148/bpt6k1311080h,http://gallica.bnf.fr/ark:/12148/btv1b53111706g.thumbnail
http://gallica.bnf.fr/ark:/12148/bpt6k1311080h,http://gallica.bnf.fr/ark:/12148/btv1b53111707x.thumbnail
http://gallica.bnf.fr/ark:/12148/bpt6k1311080h,http://gallica.bnf.fr/ark:/12148/btv1b53111708c.thumbnail
http://gallica.bnf.fr/ark:/12148/bpt6k1311080h,http://gallica.bnf.fr/ark:/12148/btv1b53111709t.thumbnail
http://gallica.bnf.fr/ark:/12148/bpt6k1311080h,http://gallica.bnf.fr/ark:/12148/btv1b531117106.thumbnail
http://gallica.bnf.fr/ark:/12148/bpt6k1311080h,http://gallica.bnf.fr/ark:/12148/btv1b53111711n.thumbnail
http://gallica.bnf.fr/ark:/12148/bpt6k1311080h,http://gallica.bnf.fr/ark:/12148/btv1b53111754n.thumbnail
http://gallica.bnf.fr/ark:/12148/bpt6k1311080h,http://gallica.bnf.fr/ark:/12148/btv1b53111756j.thumbnail
http://gallica.bnf.fr/ark:/12148/bpt6k1311080h,http://gallica.bnf.fr/ark:/12148/btv1b531117570.thumbnail
http://gallica.bnf.fr/ark:/12148/bpt6k1311080h,http://gallica.bnf.fr/ark:/12148/btv1b53111758f.thumbnail
http://gallica.bnf.fr/ark:/12148/bpt6k1311080h,http://gallica.bnf.fr/ark:/12148/btv1b53111759w.thumbnail
http://gallica.bnf.fr/ark:/12148/bpt6k1311080h,http://gallica.bnf.fr/ark:/12148/btv1b53113886v.thumbnail
http://gallica.bnf.fr/ark:/12148/bpt6k1311080h,http://gallica.bnf.fr/ark:/12148/btv1b531138879.thumbnail
http://gallica.bnf.fr/ark:/12148/bpt6k1311080h,http://gallica.bnf.fr/ark:/12148/btv1b53113888r.thumbnail
http://gallica.bnf.fr/ark:/12148/bpt6k1311080h,http://gallica.bnf.fr/ark:/12148/btv1b531138896.thumbnail
http://gallica.bnf.fr/ark:/12148/bpt6k1311080h,http://gallica.bnf.fr/ark:/12148/btv1b531139113.thumbnail
http://gallica.bnf.fr/ark:/12148/bpt6k1311080h,http://gallica.bnf.fr/ark:/12148/btv1b53113912j.thumbnail
http://gallica.bnf.fr/ark:/12148/bpt6k1311080h,http://gallica.bnf.fr/ark:/12148/btv1b531139130.thumbnail
http://gallica.bnf.fr/ark:/12148/bpt6k1311080h,http://gallica.bnf.fr/ark:/12148/btv1b53113914f.thumbnail
http://gallica.bnf.fr/ark:/12148/bpt6k1311080h,http://gallica.bnf.fr/ark:/12148/btv1b53113915w.thumbnail
http://gallica.bnf.fr/ark:/12148/bpt6k1311080h,http://gallica.bnf.fr/ark:/12148/btv1b53113916b.thumbnail
http://gallica.bnf.fr/ark:/12148/bpt6k1311080h,http://gallica.bnf.fr/ark:/12148/btv1b53113917s.thumbnail
http://gallica.bnf.fr/ark:/12148/bpt6k1311080h,http://gallica.bnf.fr/ark:/12148/btv1b531139187.thumbnail
http://gallica.bnf.fr/ark:/12148/bpt6k1311080h,http://gallica.bnf.fr/ark:/12148/btv1b53113919p.thumbnail
http://gallica.bnf.fr/ark:/12148/bpt6k1311080h,http://gallica.bnf.fr/ark:/12148/btv1b53116944q.thumbnail
http://gallica.bnf.fr/ark:/12148/bpt6k1311080h,http://gallica.bnf.fr/ark:/12148/btv1b53117416t.thumbnail
http://gallica.bnf.fr/ark:/12148/bpt6k1311080h,http://gallica.bnf.fr/ark:/12148/btv1b53118003w.thumbnail
http://gallica.bnf.fr/ark:/12148/bpt6k1311080h,http://gallica.bnf.fr/ark:/12148/btv1b53118096z.thumbnail
http://gallica.bnf.fr/ark:/12148/bpt6k1311080h,http://gallica.bnf.fr/ark:/12148/btv1b53118100x.thumbnail
http://gallica.bnf.fr/ark:/12148/bpt6k1311080h,http://gallica.bnf.fr/ark:/12148/btv1b53118101c.thumbnail
http://gallica.bnf.fr/ark:/12148/bpt6k1311080h,http://gallica.bnf.fr/ark:/12148/btv1b53118102t.thumbnail
http://gallica.bnf.fr/ark:/12148/bpt6k1311080h,http://gallica.bnf.fr/ark:/12148/btv1b53124913n.thumbnail
http://gallica.bnf.fr/ark:/12148/bpt6k1311080h,http://gallica.bnf.fr/ark:/12148/btv1b531249143.thumbnail
http://gallica.bnf.fr/ark:/12148/bpt6k1311080h,http://gallica.bnf.fr/ark:/12148/btv1b53124915j.thumbnail
http://gallica.bnf.fr/ark:/12148/bpt6k1311080h,http://gallica.bnf.fr/ark:/12148/btv1b531249160.thumbnail
http://gallica.bnf.fr/ark:/12148/bpt6k1311080h,http://gallica.bnf.fr/ark:/12148/btv1b53124917f.thumbnail
http://gallica.bnf.fr/ark:/12148/bpt6k1311080h,http://gallica.bnf.fr/ark:/12148/btv1b53124918w.thumbnail
http://gallica.bnf.fr/ark:/12148/bpt6k1311080h,http://gallica.bnf.fr/ark:/12148/btv1b53124919b.thumbnail
http://gallica.bnf.fr/ark:/12148/bpt6k1311080h,http://gallica.bnf.fr/ark:/12148/btv1b53124920q.thumbnail
http://gallica.bnf.fr/ark:/12148/bpt6k1311080h,http://gallica.bnf.fr/ark:/12148/btv1b531249215.thumbnail
http://gallica.bnf.fr/ark:/12148/bpt6k1311080h,http://gallica.bnf.fr/ark:/12148/btv1b53124922m.thumbnail
http://gallica.bnf.fr/ark:/12148/bpt6k1311080h,http://gallica.bnf.fr/ark:/12148/btv1b531249232.thumbnail
http://gallica.bnf.fr/ark:/12148/bpt6k1311080h,http://gallica.bnf.fr/ark:/12148/btv1b53124924h.thumbnail
http://gallica.bnf.fr/ark:/12148/bpt6k1311080h,http://gallica.bnf.fr/ark:/12148/btv1b53124925z.thumbnail
http://gallica.bnf.fr/ark:/12148/bpt6k1311080h,http://gallica.bnf.fr/ark:/12148/btv1b53124926d.thumbnail
http://gallica.bnf.fr/ark:/12148/bpt6k1311080h,http://gallica.bnf.fr/ark:/12148/btv1b53124927v.thumbnail
http://gallica.bnf.fr/ark:/12148/bpt6k1311080h,http://gallica.bnf.fr/ark:/12148/btv1b531249289.thumbnail
http://gallica.bnf.fr/ark:/12148/bpt6k1311080h,http://gallica.bnf.fr/ark:/12148/btv1b53124929r.thumbnail
http://gallica.bnf.fr/ark:/12148/bpt6k1311080h,http://gallica.bnf.fr/ark:/12148/btv1b531249304.thumbnail
http://gallica.bnf.fr/ark:/12148/bpt6k1311080h,http://gallica.bnf.fr/ark:/12148/btv1b53124931k.thumbnail
http://gallica.bnf.fr/ark:/12148/bpt6k1311080h,http://gallica.bnf.fr/ark:/12148/btv1b531249321.thumbnail
http://gallica.bnf.fr/ark:/12148/bpt6k1311080h,http://gallica.bnf.fr/ark:/12148/btv1b53124933g.thumbnail
http://gallica.bnf.fr/ark:/12148/bpt6k1311080h,http://gallica.bnf.fr/ark:/12148/btv1b53124934x.thumbnail
http://gallica.bnf.fr/ark:/12148/bpt6k1311080h,http://gallica.bnf.fr/ark:/12148/btv1b53124935c.thumbnail
http://gallica.bnf.fr/ark:/12148/bpt6k1311080h,http://gallica.bnf.fr/ark:/12148/btv1b53124936t.thumbnail
http://gallica.bnf.fr/ark:/12148/bpt6k1311080h,http://gallica.bnf.fr/ark:/12148/btv1b531249378.thumbnail
http://gallica.bnf.fr/ark:/12148/bpt6k1311080h,http://gallica.bnf.fr/ark:/12148/btv1b53124938q.thumbnail
http://gallica.bnf.fr/ark:/12148/bpt6k1311080h,http://gallica.bnf.fr/ark:/12148/btv1b531249395.thumbnail
http://gallica.bnf.fr/ark:/12148/bpt6k1311080h,http://gallica.bnf.fr/ark:/12148/btv1b53124940j.thumbnail
http://gallica.bnf.fr/ark:/12148/bpt6k1311080h,http://gallica.bnf.fr/ark:/12148/btv1b531249410.thumbnail
http://gallica.bnf.fr/ark:/12148/bpt6k1311080h,http://gallica.bnf.fr/ark:/12148/btv1b53124942f.thumbnail
http://gallica.bnf.fr/ark:/12148/bpt6k1311080h,http://gallica.bnf.fr/ark:/12148/btv1b53124943w.thumbnail
http://gallica.bnf.fr/ark:/12148/bpt6k1311080h,http://gallica.bnf.fr/ark:/12148/btv1b53124944b.thumbnail
http://gallica.bnf.fr/ark:/12148/bpt6k1311080h,http://gallica.bnf.fr/ark:/12148/btv1b53124945s.thumbnail
http://gallica.bnf.fr/ark:/12148/bpt6k1311080h,http://gallica.bnf.fr/ark:/12148/btv1b531249467.thumbnail
http://gallica.bnf.fr/ark:/12148/bpt6k1311080h,http://gallica.bnf.fr/ark:/12148/btv1b53124947p.thumbnail
http://gallica.bnf.fr/ark:/12148/bpt6k1311080h,http://gallica.bnf.fr/ark:/12148/btv1b531249484.thumbnail
http://gallica.bnf.fr/ark:/12148/bpt6k1311080h,http://gallica.bnf.fr/ark:/12148/btv1b53124949k.thumbnail
http://gallica.bnf.fr/ark:/12148/bpt6k1311080h,http://gallica.bnf.fr/ark:/12148/btv1b53124950z.thumbnail
http://gallica.bnf.fr/ark:/12148/bpt6k1311080h,http://gallica.bnf.fr/ark:/12148/btv1b53124951d.thumbnail
http://gallica.bnf.fr/ark:/12148/bpt6k1311080h,http://gallica.bnf.fr/ark:/12148/btv1b53124952v.thumbnail
http://gallica.bnf.fr/ark:/12148/bpt6k1311080h,http://gallica.bnf.fr/ark:/12148/btv1b531249539.thumbnail
http://gallica.bnf.fr/ark:/12148/bpt6k1311080h,http://gallica.bnf.fr/ark:/12148/btv1b53124954r.thumbnail
http://gallica.bnf.fr/ark:/12148/bpt6k1311080h,http://gallica.bnf.fr/ark:/12148/btv1b531249556.thumbnail
http://gallica.bnf.fr/ark:/12148/bpt6k1311080h,http://gallica.bnf.fr/ark:/12148/btv1b53124956n.thumbnail
http://gallica.bnf.fr/ark:/12148/bpt6k1311080h,http://gallica.bnf.fr/ark:/12148/btv1b531249573.thumbnail
http://gallica.bnf.fr/ark:/12148/bpt6k1311080h,http://gallica.bnf.fr/ark:/12148/btv1b53124958j.thumbnail
http://gallica.bnf.fr/ark:/12148/bpt6k1311080h,http://gallica.bnf.fr/ark:/12148/btv1b531249590.thumbnail
http://gallica.bnf.fr/ark:/12148/bpt6k1311080h,http://gallica.bnf.fr/ark:/12148/btv1b53124960c.thumbnail
http://gallica.bnf.fr/ark:/12148/bpt6k1311080h,http://gallica.bnf.fr/ark:/12148/btv1b53124961t.thumbnail
http://gallica.bnf.fr/ark:/12148/bpt6k1311080h,http://gallica.bnf.fr/ark:/12148/btv1b53127242t.thumbnail
http://gallica.bnf.fr/ark:/12148/bpt6k1311080h,http://gallica.bnf.fr/ark:/12148/btv1b53127248h.thumbnail
http://gallica.bnf.fr/ark:/12148/bpt6k1311080h,http://gallica.bnf.fr/ark:/12148/btv1b531295685.thumbnail
http://gallica.bnf.fr/ark:/12148/bpt6k1311080h,http://gallica.bnf.fr/ark:/12148/btv1b53129727t.thumbnail
http://gallica.bnf.fr/ark:/12148/bpt6k1311080h,http://gallica.bnf.fr/ark:/12148/btv1b531297303.thumbnail
http://gallica.bnf.fr/ark:/12148/bpt6k1311080h,http://gallica.bnf.fr/ark:/12148/btv1b53129865z.thumbnail
http://gallica.bnf.fr/ark:/12148/bpt6k1311080h,http://gallica.bnf.fr/ark:/12148/btv1b531298778.thumbnail
http://gallica.bnf.fr/ark:/12148/bpt6k1311080h,http://gallica.bnf.fr/ark:/12148/btv1b53131225k.thumbnail
http://gallica.bnf.fr/ark:/12148/bpt6k1311080h,http://gallica.bnf.fr/ark:/12148/btv1b531312261.thumbnail
http://gallica.bnf.fr/ark:/12148/bpt6k1311080h,http://gallica.bnf.fr/ark:/12148/btv1b53132858s.thumbnail
http://gallica.bnf.fr/ark:/12148/bpt6k1311080h,http://gallica.bnf.fr/ark:/12148/btv1b531328597.thumbnail
http://gallica.bnf.fr/ark:/12148/bpt6k1311080h,http://gallica.bnf.fr/ark:/12148/btv1b53132860m.thumbnail
http://gallica.bnf.fr/ark:/12148/bpt6k1311080h,http://gallica.bnf.fr/ark:/12148/btv1b531328612.thumbnail
http://gallica.bnf.fr/ark:/12148/bpt6k1311080h,http://gallica.bnf.fr/ark:/12148/btv1b53132862h.thumbnail
http://gallica.bnf.fr/ark:/12148/bpt6k1311080h,http://gallica.bnf.fr/ark:/12148/btv1b53132863z.thumbnail
http://gallica.bnf.fr/ark:/12148/bpt6k1311080h,http://gallica.bnf.fr/ark:/12148/btv1b53132864d.thumbnail
http://gallica.bnf.fr/ark:/12148/bpt6k1311080h,http://gallica.bnf.fr/ark:/12148/btv1b53132865v.thumbnail
http://gallica.bnf.fr/ark:/12148/bpt6k1311080h,http://gallica.bnf.fr/ark:/12148/btv1b531328669.thumbnail
http://gallica.bnf.fr/ark:/12148/bpt6k1311080h,http://gallica.bnf.fr/ark:/12148/btv1b53132867r.thumbnail
http://gallica.bnf.fr/ark:/12148/bpt6k1311080h,http://gallica.bnf.fr/ark:/12148/btv1b531328686.thumbnail
http://gallica.bnf.fr/ark:/12148/bpt6k1311080h,http://gallica.bnf.fr/ark:/12148/btv1b53132869n.thumbnail
http://gallica.bnf.fr/ark:/12148/bpt6k1311080h,http://gallica.bnf.fr/ark:/12148/btv1b53132871g.thumbnail
http://gallica.bnf.fr/ark:/12148/bpt6k1311080h,http://gallica.bnf.fr/ark:/12148/btv1b53132872x.thumbnail
http://gallica.bnf.fr/ark:/12148/bpt6k1311080h,http://gallica.bnf.fr/ark:/12148/btv1b53132873c.thumbnail
http://gallica.bnf.fr/ark:/12148/bpt6k1311080h,http://gallica.bnf.fr/ark:/12148/btv1b53132874t.thumbnail
http://gallica.bnf.fr/ark:/12148/bpt6k1311080h,http://gallica.bnf.fr/ark:/12148/btv1b531328758.thumbnail
http://gallica.bnf.fr/ark:/12148/bpt6k1311080h,http://gallica.bnf.fr/ark:/12148/btv1b53132876q.thumbnail
http://gallica.bnf.fr/ark:/12148/bpt6k1311080h,http://gallica.bnf.fr/ark:/12148/btv1b531328775.thumbnail
http://gallica.bnf.fr/ark:/12148/bpt6k1311080h,http://gallica.bnf.fr/ark:/12148/btv1b53132878m.thumbnail
http://gallica.bnf.fr/ark:/12148/bpt6k1311080h,http://gallica.bnf.fr/ark:/12148/btv1b531328792.thumbnail
http://gallica.bnf.fr/ark:/12148/bpt6k1311080h,http://gallica.bnf.fr/ark:/12148/btv1b53132880f.thumbnail
http://gallica.bnf.fr/ark:/12148/bpt6k1311080h,http://gallica.bnf.fr/ark:/12148/btv1b53132881w.thumbnail
http://gallica.bnf.fr/ark:/12148/bpt6k1311080h,http://gallica.bnf.fr/ark:/12148/btv1b53132882b.thumbnail
http://gallica.bnf.fr/ark:/12148/bpt6k1311080h,http://gallica.bnf.fr/ark:/12148/btv1b53132883s.thumbnail
http://gallica.bnf.fr/ark:/12148/bpt6k1311080h,http://gallica.bnf.fr/ark:/12148/btv1b531328847.thumbnail
http://gallica.bnf.fr/ark:/12148/bpt6k1311080h,http://gallica.bnf.fr/ark:/12148/btv1b53132885p.thumbnail
http://gallica.bnf.fr/ark:/12148/bpt6k1311080h,http://gallica.bnf.fr/ark:/12148/btv1b531328864.thumbnail
http://gallica.bnf.fr/ark:/12148/bpt6k1311080h,http://gallica.bnf.fr/ark:/12148/btv1b53132887k.thumbnail
http://gallica.bnf.fr/ark:/12148/bpt6k1311080h,http://gallica.bnf.fr/ark:/12148/btv1b531328881.thumbnail
http://gallica.bnf.fr/ark:/12148/bpt6k1311080h,http://gallica.bnf.fr/ark:/12148/btv1b53132889g.thumbnail
http://gallica.bnf.fr/ark:/12148/bpt6k1311080h,http://gallica.bnf.fr/ark:/12148/btv1b53132890v.thumbnail
http://gallica.bnf.fr/ark:/12148/bpt6k1311080h,http://gallica.bnf.fr/ark:/12148/btv1b531328919.thumbnail
http://gallica.bnf.fr/ark:/12148/bpt6k1311080h,http://gallica.bnf.fr/ark:/12148/btv1b531328936.thumbnail
http://gallica.bnf.fr/ark:/12148/bpt6k1311080h,http://gallica.bnf.fr/ark:/12148/btv1b53132894n.thumbnail
http://gallica.bnf.fr/ark:/12148/bpt6k1311080h,http://gallica.bnf.fr/ark:/12148/btv1b53134123b.thumbnail
http://gallica.bnf.fr/ark:/12148/bpt6k1311080h,http://gallica.bnf.fr/ark:/12148/btv1b53134187m.thumbnail
http://gallica.bnf.fr/ark:/12148/bpt6k1311080h,http://gallica.bnf.fr/ark:/12148/btv1b531341882.thumbnail
http://gallica.bnf.fr/ark:/12148/bpt6k1311080h,http://gallica.bnf.fr/ark:/12148/btv1b53134189h.thumbnail
http://gallica.bnf.fr/ark:/12148/bpt6k1311080h,http://gallica.bnf.fr/ark:/12148/btv1b53134190w.thumbnail
http://gallica.bnf.fr/ark:/12148/bpt6k1311080h,http://gallica.bnf.fr/ark:/12148/btv1b53134191b.thumbnail
http://gallica.bnf.fr/ark:/12148/bpt6k1311080h,http://gallica.bnf.fr/ark:/12148/btv1b53134192s.thumbnail
http://gallica.bnf.fr/ark:/12148/bpt6k1311080h,http://gallica.bnf.fr/ark:/12148/btv1b531341937.thumbnail
http://gallica.bnf.fr/ark:/12148/bpt6k1311080h,http://gallica.bnf.fr/ark:/12148/btv1b53134194p.thumbnail
http://gallica.bnf.fr/ark:/12148/bpt6k1311080h,http://gallica.bnf.fr/ark:/12148/btv1b531341954.thumbnail
http://gallica.bnf.fr/ark:/12148/bpt6k1311080h,http://gallica.bnf.fr/ark:/12148/btv1b53134196k.thumbnail
http://gallica.bnf.fr/ark:/12148/bpt6k1311080h,http://gallica.bnf.fr/ark:/12148/btv1b531341971.thumbnail
http://gallica.bnf.fr/ark:/12148/bpt6k1311080h,http://gallica.bnf.fr/ark:/12148/btv1b53134198g.thumbnail
http://gallica.bnf.fr/ark:/12148/bpt6k1311080h,http://gallica.bnf.fr/ark:/12148/btv1b53134199x.thumbnail
http://gallica.bnf.fr/ark:/12148/bpt6k1311080h,http://gallica.bnf.fr/ark:/12148/btv1b53134200j.thumbnail
http://gallica.bnf.fr/ark:/12148/bpt6k1311080h,http://gallica.bnf.fr/ark:/12148/btv1b531342010.thumbnail
http://gallica.bnf.fr/ark:/12148/bpt6k1311080h,http://gallica.bnf.fr/ark:/12148/btv1b53134202f.thumbnail
http://gallica.bnf.fr/ark:/12148/bpt6k1311080h,http://gallica.bnf.fr/ark:/12148/btv1b53134203w.thumbnail
http://gallica.bnf.fr/ark:/12148/bpt6k1311080h,http://gallica.bnf.fr/ark:/12148/btv1b53134204b.thumbnail
http://gallica.bnf.fr/ark:/12148/bpt6k1311080h,http://gallica.bnf.fr/ark:/12148/btv1b53134205s.thumbnail
http://gallica.bnf.fr/ark:/12148/bpt6k1311080h,http://gallica.bnf.fr/ark:/12148/btv1b531342067.thumbnail
http://gallica.bnf.fr/ark:/12148/bpt6k1311080h,http://gallica.bnf.fr/ark:/12148/btv1b53134207p.thumbnail
http://gallica.bnf.fr/ark:/12148/bpt6k1311080h,http://gallica.bnf.fr/ark:/12148/btv1b531342084.thumbnail
http://gallica.bnf.fr/ark:/12148/bpt6k1311080h,http://gallica.bnf.fr/ark:/12148/btv1b53134209k.thumbnail
http://gallica.bnf.fr/ark:/12148/bpt6k1311080h,http://gallica.bnf.fr/ark:/12148/btv1b53134210z.thumbnail
http://gallica.bnf.fr/ark:/12148/bpt6k1311080h,http://gallica.bnf.fr/ark:/12148/btv1b53134211d.thumbnail
http://gallica.bnf.fr/ark:/12148/bpt6k1311080h,http://gallica.bnf.fr/ark:/12148/btv1b53134212v.thumbnail
http://gallica.bnf.fr/ark:/12148/bpt6k1311080h,http://gallica.bnf.fr/ark:/12148/btv1b531342139.thumbnail
http://gallica.bnf.fr/ark:/12148/bpt6k1311080h,http://gallica.bnf.fr/ark:/12148/btv1b53134214r.thumbnail
http://gallica.bnf.fr/ark:/12148/bpt6k1311080h,http://gallica.bnf.fr/ark:/12148/btv1b531379939.thumbnail
http://gallica.bnf.fr/ark:/12148/bpt6k1311080h,http://gallica.bnf.fr/ark:/12148/btv1b53137994r.thumbnail
http://gallica.bnf.fr/ark:/12148/bpt6k1311080h,http://gallica.bnf.fr/ark:/12148/btv1b531379956.thumbnail
http://gallica.bnf.fr/ark:/12148/bpt6k1311080h,http://gallica.bnf.fr/ark:/12148/btv1b53137996n.thumbnail
http://gallica.bnf.fr/ark:/12148/bpt6k1311080h,http://gallica.bnf.fr/ark:/12148/btv1b531379973.thumbnail
http://gallica.bnf.fr/ark:/12148/bpt6k1311080h,http://gallica.bnf.fr/ark:/12148/btv1b53137998j.thumbnail
http://gallica.bnf.fr/ark:/12148/bpt6k1311080h,http://gallica.bnf.fr/ark:/12148/btv1b531379990.thumbnail
http://gallica.bnf.fr/ark:/12148/bpt6k1311080h,http://gallica.bnf.fr/ark:/12148/btv1b531380005.thumbnail
http://gallica.bnf.fr/ark:/12148/bpt6k1311080h,http://gallica.bnf.fr/ark:/12148/btv1b53138001m.thumbnail
http://gallica.bnf.fr/ark:/12148/bpt6k1311080h,http://gallica.bnf.fr/ark:/12148/btv1b531380022.thumbnail
http://gallica.bnf.fr/ark:/12148/bpt6k1311080h,http://gallica.bnf.fr/ark:/12148/btv1b53138003h.thumbnail
http://gallica.bnf.fr/ark:/12148/bpt6k1311080h,http://gallica.bnf.fr/ark:/12148/btv1b53138004z.thumbnail
http://gallica.bnf.fr/ark:/12148/bpt6k1311080h,http://gallica.bnf.fr/ark:/12148/btv1b53138005d.thumbnail
http://gallica.bnf.fr/ark:/12148/bpt6k1311080h,http://gallica.bnf.fr/ark:/12148/btv1b53138006v.thumbnail
http://gallica.bnf.fr/ark:/12148/bpt6k1311080h,http://gallica.bnf.fr/ark:/12148/btv1b531380079.thumbnail
http://gallica.bnf.fr/ark:/12148/bpt6k1311080h,http://gallica.bnf.fr/ark:/12148/btv1b53138008r.thumbnail
http://gallica.bnf.fr/ark:/12148/bpt6k1311080h,http://gallica.bnf.fr/ark:/12148/btv1b531380096.thumbnail
http://gallica.bnf.fr/ark:/12148/bpt6k1311080h,http://gallica.bnf.fr/ark:/12148/btv1b53138010k.thumbnail
http://gallica.bnf.fr/ark:/12148/bpt6k1311080h,http://gallica.bnf.fr/ark:/12148/btv1b531380111.thumbnail
http://gallica.bnf.fr/ark:/12148/bpt6k1311080h,http://gallica.bnf.fr/ark:/12148/btv1b53138013x.thumbnail
http://gallica.bnf.fr/ark:/12148/bpt6k1311080h,http://gallica.bnf.fr/ark:/12148/btv1b53138014c.thumbnail
http://gallica.bnf.fr/ark:/12148/bpt6k1311080h,http://gallica.bnf.fr/ark:/12148/btv1b53138015t.thumbnail
http://gallica.bnf.fr/ark:/12148/bpt6k1311080h,http://gallica.bnf.fr/ark:/12148/btv1b531380168.thumbnail
http://gallica.bnf.fr/ark:/12148/bpt6k1311080h,http://gallica.bnf.fr/ark:/12148/btv1b53138017q.thumbnail
http://gallica.bnf.fr/ark:/12148/bpt6k1311080h,http://gallica.bnf.fr/ark:/12148/btv1b531380185.thumbnail
http://gallica.bnf.fr/ark:/12148/bpt6k1311080h,http://gallica.bnf.fr/ark:/12148/btv1b53138019m.thumbnail
http://gallica.bnf.fr/ark:/12148/bpt6k1311080h,http://gallica.bnf.fr/ark:/12148/btv1b531380200.thumbnail
http://gallica.bnf.fr/ark:/12148/bpt6k1311080h,http://gallica.bnf.fr/ark:/12148/btv1b53138021f.thumbnail
http://gallica.bnf.fr/ark:/12148/bpt6k1311080h,http://gallica.bnf.fr/ark:/12148/btv1b53138022w.thumbnail
http://gallica.bnf.fr/ark:/12148/bpt6k1311080h,http://gallica.bnf.fr/ark:/12148/btv1b53138023b.thumbnail
http://gallica.bnf.fr/ark:/12148/bpt6k1311080h,http://gallica.bnf.fr/ark:/12148/btv1b53138024s.thumbnail
http://gallica.bnf.fr/ark:/12148/bpt6k1311080h,http://gallica.bnf.fr/ark:/12148/btv1b531380257.thumbnail
http://gallica.bnf.fr/ark:/12148/bpt6k1311080h,http://gallica.bnf.fr/ark:/12148/btv1b53138026p.thumbnail
http://gallica.bnf.fr/ark:/12148/bpt6k1311080h,http://gallica.bnf.fr/ark:/12148/btv1b531380274.thumbnail
http://gallica.bnf.fr/ark:/12148/bpt6k1311080h,http://gallica.bnf.fr/ark:/12148/btv1b53138028k.thumbnail
http://gallica.bnf.fr/ark:/12148/bpt6k1311080h,http://gallica.bnf.fr/ark:/12148/btv1b531380291.thumbnail
http://gallica.bnf.fr/ark:/12148/bpt6k1311080h,http://gallica.bnf.fr/ark:/12148/btv1b53138030d.thumbnail
http://gallica.bnf.fr/ark:/12148/bpt6k1311080h,http://gallica.bnf.fr/ark:/12148/btv1b53138031v.thumbnail
http://gallica.bnf.fr/ark:/12148/bpt6k1311080h,http://gallica.bnf.fr/ark:/12148/btv1b531380329.thumbnail
http://gallica.bnf.fr/ark:/12148/bpt6k1311080h,http://gallica.bnf.fr/ark:/12148/btv1b53138033r.thumbnail
http://gallica.bnf.fr/ark:/12148/bpt6k1311080h,http://gallica.bnf.fr/ark:/12148/btv1b531380346.thumbnail
http://gallica.bnf.fr/ark:/12148/bpt6k1311080h,http://gallica.bnf.fr/ark:/12148/btv1b53138035n.thumbnail
http://gallica.bnf.fr/ark:/12148/bpt6k1311080h,http://gallica.bnf.fr/ark:/12148/btv1b531380363.thumbnail
http://gallica.bnf.fr/ark:/12148/bpt6k1311080h,http://gallica.bnf.fr/ark:/12148/btv1b53138037j.thumbnail
http://gallica.bnf.fr/ark:/12148/bpt6k1311080h,http://gallica.bnf.fr/ark:/12148/btv1b531380380.thumbnail
http://gallica.bnf.fr/ark:/12148/bpt6k1311080h,http://gallica.bnf.fr/ark:/12148/btv1b53138039f.thumbnail
http://gallica.bnf.fr/ark:/12148/bpt6k1311080h,http://gallica.bnf.fr/ark:/12148/btv1b531380418.thumbnail
http://gallica.bnf.fr/ark:/12148/bpt6k1311080h,http://gallica.bnf.fr/ark:/12148/btv1b53138042q.thumbnail
http://gallica.bnf.fr/ark:/12148/bpt6k1311080h,http://gallica.bnf.fr/ark:/12148/btv1b53138044m.thumbnail
http://gallica.bnf.fr/ark:/12148/bpt6k1311080h,http://gallica.bnf.fr/ark:/12148/btv1b531380452.thumbnail
http://gallica.bnf.fr/ark:/12148/bpt6k1311080h,http://gallica.bnf.fr/ark:/12148/btv1b53138047z.thumbnail
http://gallica.bnf.fr/ark:/12148/bpt6k1311080h,http://gallica.bnf.fr/ark:/12148/btv1b53138048d.thumbnail
http://gallica.bnf.fr/ark:/12148/bpt6k1311080h,http://gallica.bnf.fr/ark:/12148/btv1b53138049v.thumbnail
http://gallica.bnf.fr/ark:/12148/bpt6k1311080h,http://gallica.bnf.fr/ark:/12148/btv1b531380507.thumbnail
http://gallica.bnf.fr/ark:/12148/bpt6k1311080h,http://gallica.bnf.fr/ark:/12148/btv1b53138051p.thumbnail
http://gallica.bnf.fr/ark:/12148/bpt6k1311080h,http://gallica.bnf.fr/ark:/12148/btv1b531380524.thumbnail
http://gallica.bnf.fr/ark:/12148/bpt6k1311080h,http://gallica.bnf.fr/ark:/12148/btv1b53138053k.thumbnail
http://gallica.bnf.fr/ark:/12148/bpt6k1311080h,http://gallica.bnf.fr/ark:/12148/btv1b531380541.thumbnail
http://gallica.bnf.fr/ark:/12148/bpt6k1311080h,http://gallica.bnf.fr/ark:/12148/btv1b53138055g.thumbnail
http://gallica.bnf.fr/ark:/12148/bpt6k1311080h,http://gallica.bnf.fr/ark:/12148/btv1b53138056x.thumbnail
http://gallica.bnf.fr/ark:/12148/bpt6k1311080h,http://gallica.bnf.fr/ark:/12148/btv1b53138057c.thumbnail
http://gallica.bnf.fr/ark:/12148/bpt6k1311080h,http://gallica.bnf.fr/ark:/12148/btv1b53138058t.thumbnail
http://gallica.bnf.fr/ark:/12148/bpt6k1311080h,http://gallica.bnf.fr/ark:/12148/btv1b531380598.thumbnail
http://gallica.bnf.fr/ark:/12148/bpt6k1311080h,http://gallica.bnf.fr/ark:/12148/btv1b53138060n.thumbnail
http://gallica.bnf.fr/ark:/12148/bpt6k1311080h,http://gallica.bnf.fr/ark:/12148/btv1b531380613.thumbnail
http://gallica.bnf.fr/ark:/12148/bpt6k1311080h,http://gallica.bnf.fr/ark:/12148/btv1b53138062j.thumbnail
http://gallica.bnf.fr/ark:/12148/bpt6k1311080h,http://gallica.bnf.fr/ark:/12148/btv1b531380630.thumbnail
http://gallica.bnf.fr/ark:/12148/bpt6k1311080h,http://gallica.bnf.fr/ark:/12148/btv1b53138064f.thumbnail
http://gallica.bnf.fr/ark:/12148/bpt6k1311080h,http://gallica.bnf.fr/ark:/12148/btv1b53138065w.thumbnail
http://gallica.bnf.fr/ark:/12148/bpt6k1311080h,http://gallica.bnf.fr/ark:/12148/btv1b53138066b.thumbnail
http://gallica.bnf.fr/ark:/12148/bpt6k1311080h,http://gallica.bnf.fr/ark:/12148/btv1b53138067s.thumbnail
http://gallica.bnf.fr/ark:/12148/bpt6k1311080h,http://gallica.bnf.fr/ark:/12148/btv1b531380687.thumbnail
http://gallica.bnf.fr/ark:/12148/bpt6k1311080h,http://gallica.bnf.fr/ark:/12148/btv1b53138069p.thumbnail
http://gallica.bnf.fr/ark:/12148/bpt6k1311080h,http://gallica.bnf.fr/ark:/12148/btv1b531380702.thumbnail
http://gallica.bnf.fr/ark:/12148/bpt6k1311080h,http://gallica.bnf.fr/ark:/12148/btv1b53138071h.thumbnail
http://gallica.bnf.fr/ark:/12148/bpt6k1311080h,http://gallica.bnf.fr/ark:/12148/btv1b53138072z.thumbnail
http://gallica.bnf.fr/ark:/12148/bpt6k1311080h,http://gallica.bnf.fr/ark:/12148/btv1b53138073d.thumbnail
http://gallica.bnf.fr/ark:/12148/bpt6k1311080h,http://gallica.bnf.fr/ark:/12148/btv1b53138074v.thumbnail
http://gallica.bnf.fr/ark:/12148/bpt6k1311080h,http://gallica.bnf.fr/ark:/12148/btv1b531380759.thumbnail
http://gallica.bnf.fr/ark:/12148/bpt6k1311080h,http://gallica.bnf.fr/ark:/12148/btv1b53138076r.thumbnail
http://gallica.bnf.fr/ark:/12148/bpt6k1311080h,http://gallica.bnf.fr/ark:/12148/btv1b531380776.thumbnail
http://gallica.bnf.fr/ark:/12148/bpt6k1311080h,http://gallica.bnf.fr/ark:/12148/btv1b53138078n.thumbnail
http://gallica.bnf.fr/ark:/12148/bpt6k1311080h,http://gallica.bnf.fr/ark:/12148/btv1b531380793.thumbnail
http://gallica.bnf.fr/ark:/12148/bpt6k1311080h,http://gallica.bnf.fr/ark:/12148/btv1b53138080g.thumbnail
http://gallica.bnf.fr/ark:/12148/bpt6k1311080h,http://gallica.bnf.fr/ark:/12148/btv1b531406737.thumbnail
http://gallica.bnf.fr/ark:/12148/bpt6k1311080h,http://gallica.bnf.fr/ark:/12148/btv1b53140674p.thumbnail
http://gallica.bnf.fr/ark:/12148/bpt6k1311080h,http://gallica.bnf.fr/ark:/12148/btv1b531406754.thumbnail
http://gallica.bnf.fr/ark:/12148/bpt6k1311080h,http://gallica.bnf.fr/ark:/12148/btv1b53140676k.thumbnail
http://gallica.bnf.fr/ark:/12148/bpt6k1311080h,http://gallica.bnf.fr/ark:/12148/btv1b531406771.thumbnail
http://gallica.bnf.fr/ark:/12148/bpt6k1311080h,http://gallica.bnf.fr/ark:/12148/btv1b53140678g.thumbnail
http://gallica.bnf.fr/ark:/12148/bpt6k1311080h,http://gallica.bnf.fr/ark:/12148/btv1b53140679x.thumbnail
http://gallica.bnf.fr/ark:/12148/bpt6k1311080h,http://gallica.bnf.fr/ark:/12148/btv1b531406809.thumbnail
http://gallica.bnf.fr/ark:/12148/bpt6k1311080h,http://gallica.bnf.fr/ark:/12148/btv1b53140681r.thumbnail
http://gallica.bnf.fr/ark:/12148/bpt6k1311080h,http://gallica.bnf.fr/ark:/12148/btv1b531406826.thumbnail
http://gallica.bnf.fr/ark:/12148/bpt6k1311080h,http://gallica.bnf.fr/ark:/12148/btv1b53140683n.thumbnail
http://gallica.bnf.fr/ark:/12148/bpt6k1311080h,http://gallica.bnf.fr/ark:/12148/btv1b531406843.thumbnail
http://gallica.bnf.fr/ark:/12148/bpt6k1311080h,http://gallica.bnf.fr/ark:/12148/btv1b53140685j.thumbnail
http://gallica.bnf.fr/ark:/12148/bpt6k1311080h,http://gallica.bnf.fr/ark:/12148/btv1b531406860.thumbnail
http://gallica.bnf.fr/ark:/12148/bpt6k1311080h,http://gallica.bnf.fr/ark:/12148/btv1b53140687f.thumbnail
http://gallica.bnf.fr/ark:/12148/bpt6k1311080h,http://gallica.bnf.fr/ark:/12148/btv1b53140689b.thumbnail
http://gallica.bnf.fr/ark:/12148/bpt6k1311080h,http://gallica.bnf.fr/ark:/12148/btv1b531406915.thumbnail
http://gallica.bnf.fr/ark:/12148/bpt6k1311080h,http://gallica.bnf.fr/ark:/12148/btv1b53140692m.thumbnail
http://gallica.bnf.fr/ark:/12148/bpt6k1311080h,http://gallica.bnf.fr/ark:/12148/btv1b531406932.thumbnail
http://gallica.bnf.fr/ark:/12148/bpt6k1311080h,http://gallica.bnf.fr/ark:/12148/btv1b53140694h.thumbnail
http://gallica.bnf.fr/ark:/12148/bpt6k1311080h,http://gallica.bnf.fr/ark:/12148/btv1b53140695z.thumbnail
http://gallica.bnf.fr/ark:/12148/bpt6k1311080h,http://gallica.bnf.fr/ark:/12148/btv1b53140696d.thumbnail
http://gallica.bnf.fr/ark:/12148/bpt6k1311080h,http://gallica.bnf.fr/ark:/12148/btv1b53140697v.thumbnail
http://gallica.bnf.fr/ark:/12148/bpt6k1311080h,http://gallica.bnf.fr/ark:/12148/btv1b531406989.thumbnail
http://gallica.bnf.fr/ark:/12148/bpt6k1311080h,http://gallica.bnf.fr/ark:/12148/btv1b53140699r.thumbnail
http://gallica.bnf.fr/ark:/12148/bpt6k1311080h,http://gallica.bnf.fr/ark:/12148/btv1b53140700c.thumbnail
http://gallica.bnf.fr/ark:/12148/bpt6k1311080h,http://gallica.bnf.fr/ark:/12148/btv1b53140701t.thumbnail
http://gallica.bnf.fr/ark:/12148/bpt6k1311080h,http://gallica.bnf.fr/ark:/12148/btv1b53140703q.thumbnail
http://gallica.bnf.fr/ark:/12148/bpt6k1311080h,http://gallica.bnf.fr/ark:/12148/btv1b531407045.thumbnail
http://gallica.bnf.fr/ark:/12148/bpt6k1311080h,http://gallica.bnf.fr/ark:/12148/btv1b53140705m.thumbnail
http://gallica.bnf.fr/ark:/12148/bpt6k1311080h,http://gallica.bnf.fr/ark:/12148/btv1b531407062.thumbnail
http://gallica.bnf.fr/ark:/12148/bpt6k1311080h,http://gallica.bnf.fr/ark:/12148/btv1b53140748m.thumbnail
http://gallica.bnf.fr/ark:/12148/bpt6k1311080h,http://gallica.bnf.fr/ark:/12148/btv1b53144596d.thumbnail
http://gallica.bnf.fr/ark:/12148/bpt6k1311080h,http://gallica.bnf.fr/ark:/12148/btv1b53144597v.thumbnail
http://gallica.bnf.fr/ark:/12148/bpt6k1311080h,http://gallica.bnf.fr/ark:/12148/btv1b531445989.thumbnail
http://gallica.bnf.fr/ark:/12148/bpt6k1311080h,http://gallica.bnf.fr/ark:/12148/btv1b53144599r.thumbnail
http://gallica.bnf.fr/ark:/12148/bpt6k1311080h,http://gallica.bnf.fr/ark:/12148/btv1b53144600c.thumbnail
http://gallica.bnf.fr/ark:/12148/bpt6k1311080h,http://gallica.bnf.fr/ark:/12148/btv1b531446977.thumbnail
http://gallica.bnf.fr/ark:/12148/bpt6k1311080h,http://gallica.bnf.fr/ark:/12148/btv1b53144698p.thumbnail
http://gallica.bnf.fr/ark:/12148/bpt6k1311080h,http://gallica.bnf.fr/ark:/12148/btv1b531484000.thumbnail
http://gallica.bnf.fr/ark:/12148/bpt6k1311080h,http://gallica.bnf.fr/ark:/12148/btv1b53149358m.thumbnail
http://gallica.bnf.fr/ark:/12148/bpt6k1311080h,http://gallica.bnf.fr/ark:/12148/btv1b531493592.thumbnail
http://gallica.bnf.fr/ark:/12148/bpt6k1311080h,http://gallica.bnf.fr/ark:/12148/btv1b53149379w.thumbnail
http://gallica.bnf.fr/ark:/12148/bpt6k1311080h,http://gallica.bnf.fr/ark:/12148/btv1b531493808.thumbnail
http://gallica.bnf.fr/ark:/12148/bpt6k1311080h,http://gallica.bnf.fr/ark:/12148/btv1b531494368.thumbnail
http://gallica.bnf.fr/ark:/12148/bpt6k1311080h,http://gallica.bnf.fr/ark:/12148/btv1b53149437q.thumbnail
http://gallica.bnf.fr/ark:/12148/bpt6k1311080h,http://gallica.bnf.fr/ark:/12148/btv1b53149455n.thumbnail
http://gallica.bnf.fr/ark:/12148/bpt6k1311080h,http://gallica.bnf.fr/ark:/12148/btv1b531524689.thumbnail
http://gallica.bnf.fr/ark:/12148/bpt6k1311080h,http://gallica.bnf.fr/ark:/12148/btv1b53152469r.thumbnail
http://gallica.bnf.fr/ark:/12148/bpt6k1311080h,http://gallica.bnf.fr/ark:/12148/btv1b53152538f.thumbnail
http://gallica.bnf.fr/ark:/12148/bpt6k1311080h,http://gallica.bnf.fr/ark:/12148/btv1b53152539w.thumbnail
http://gallica.bnf.fr/ark:/12148/bpt6k1311080h,http://gallica.bnf.fr/ark:/12148/btv1b531525408.thumbnail
http://gallica.bnf.fr/ark:/12148/bpt6k1311080h,http://gallica.bnf.fr/ark:/12148/btv1b53152541q.thumbnail
http://gallica.bnf.fr/ark:/12148/bpt6k1311080h,http://gallica.bnf.fr/ark:/12148/btv1b531525425.thumbnail
http://gallica.bnf.fr/ark:/12148/bpt6k1311080h,http://gallica.bnf.fr/ark:/12148/btv1b53152543m.thumbnail
http://gallica.bnf.fr/ark:/12148/bpt6k1311080h,http://gallica.bnf.fr/ark:/12148/btv1b531525442.thumbnail
http://gallica.bnf.fr/ark:/12148/bpt6k1311080h,http://gallica.bnf.fr/ark:/12148/btv1b53152545h.thumbnail
http://gallica.bnf.fr/ark:/12148/bpt6k1311080h,http://gallica.bnf.fr/ark:/12148/btv1b53152546z.thumbnail
http://gallica.bnf.fr/ark:/12148/bpt6k1311080h,http://gallica.bnf.fr/ark:/12148/btv1b53152547d.thumbnail
http://gallica.bnf.fr/ark:/12148/bpt6k1311080h,http://gallica.bnf.fr/ark:/12148/btv1b53152548v.thumbnail
http://gallica.bnf.fr/ark:/12148/bpt6k1311080h,http://gallica.bnf.fr/ark:/12148/btv1b531525499.thumbnail
http://gallica.bnf.fr/ark:/12148/bpt6k1311080h,http://gallica.bnf.fr/ark:/12148/btv1b53152550p.thumbnail
http://gallica.bnf.fr/ark:/12148/bpt6k1311080h,http://gallica.bnf.fr/ark:/12148/btv1b531525514.thumbnail
http://gallica.bnf.fr/ark:/12148/bpt6k1311080h,http://gallica.bnf.fr/ark:/12148/btv1b53152552k.thumbnail
http://gallica.bnf.fr/ark:/12148/bpt6k1311080h,http://gallica.bnf.fr/ark:/12148/btv1b531525531.thumbnail
http://gallica.bnf.fr/ark:/12148/bpt6k1311080h,http://gallica.bnf.fr/ark:/12148/btv1b53152554g.thumbnail
http://gallica.bnf.fr/ark:/12148/bpt6k1311080h,http://gallica.bnf.fr/ark:/12148/btv1b53152555x.thumbnail
http://gallica.bnf.fr/ark:/12148/bpt6k1311080h,http://gallica.bnf.fr/ark:/12148/btv1b53152556c.thumbnail
http://gallica.bnf.fr/ark:/12148/bpt6k1311080h,http://gallica.bnf.fr/ark:/12148/btv1b53152557t.thumbnail
http://gallica.bnf.fr/ark:/12148/bpt6k1311080h,http://gallica.bnf.fr/ark:/12148/btv1b531525588.thumbnail
http://gallica.bnf.fr/ark:/12148/bpt6k1311080h,http://gallica.bnf.fr/ark:/12148/btv1b53152559q.thumbnail
http://gallica.bnf.fr/ark:/12148/bpt6k1311080h,http://gallica.bnf.fr/ark:/12148/btv1b531525603.thumbnail
http://gallica.bnf.fr/ark:/12148/bpt6k1311080h,http://gallica.bnf.fr/ark:/12148/btv1b53152561j.thumbnail
http://gallica.bnf.fr/ark:/12148/bpt6k1311080h,http://gallica.bnf.fr/ark:/12148/btv1b531525620.thumbnail
http://gallica.bnf.fr/ark:/12148/bpt6k1311080h,http://gallica.bnf.fr/ark:/12148/btv1b53152563f.thumbnail
http://gallica.bnf.fr/ark:/12148/bpt6k1311080h,http://gallica.bnf.fr/ark:/12148/btv1b53152564w.thumbnail
http://gallica.bnf.fr/ark:/12148/bpt6k1311080h,http://gallica.bnf.fr/ark:/12148/btv1b53152565b.thumbnail
http://gallica.bnf.fr/ark:/12148/bpt6k1311080h,http://gallica.bnf.fr/ark:/12148/btv1b53152566s.thumbnail
http://gallica.bnf.fr/ark:/12148/bpt6k1311080h,http://gallica.bnf.fr/ark:/12148/btv1b531525677.thumbnail
http://gallica.bnf.fr/ark:/12148/bpt6k1311080h,http://gallica.bnf.fr/ark:/12148/btv1b53152568p.thumbnail
http://gallica.bnf.fr/ark:/12148/bpt6k1311080h,http://gallica.bnf.fr/ark:/12148/btv1b531525694.thumbnail
http://gallica.bnf.fr/ark:/12148/bpt6k1311080h,http://gallica.bnf.fr/ark:/12148/btv1b53152570h.thumbnail
http://gallica.bnf.fr/ark:/12148/bpt6k1311080h,http://gallica.bnf.fr/ark:/12148/btv1b53152571z.thumbnail
http://gallica.bnf.fr/ark:/12148/bpt6k1311080h,http://gallica.bnf.fr/ark:/12148/btv1b53152572d.thumbnail
http://gallica.bnf.fr/ark:/12148/bpt6k1311080h,http://gallica.bnf.fr/ark:/12148/btv1b53152573v.thumbnail
http://gallica.bnf.fr/ark:/12148/bpt6k1311080h,http://gallica.bnf.fr/ark:/12148/btv1b531525749.thumbnail
http://gallica.bnf.fr/ark:/12148/bpt6k1311080h,http://gallica.bnf.fr/ark:/12148/btv1b53152575r.thumbnail
http://gallica.bnf.fr/ark:/12148/bpt6k1311080h,http://gallica.bnf.fr/ark:/12148/btv1b531525766.thumbnail
http://gallica.bnf.fr/ark:/12148/bpt6k1311080h,http://gallica.bnf.fr/ark:/12148/btv1b53152577n.thumbnail
http://gallica.bnf.fr/ark:/12148/bpt6k1311080h,http://gallica.bnf.fr/ark:/12148/btv1b531525783.thumbnail
http://gallica.bnf.fr/ark:/12148/bpt6k1311080h,http://gallica.bnf.fr/ark:/12148/btv1b53152579j.thumbnail
http://gallica.bnf.fr/ark:/12148/bpt6k1311080h,http://gallica.bnf.fr/ark:/12148/btv1b53152580x.thumbnail
http://gallica.bnf.fr/ark:/12148/bpt6k1311080h,http://gallica.bnf.fr/ark:/12148/btv1b53152593p.thumbnail
http://gallica.bnf.fr/ark:/12148/bpt6k1311080h,http://gallica.bnf.fr/ark:/12148/btv1b53154240t.thumbnail
http://gallica.bnf.fr/ark:/12148/bpt6k1311080h,http://gallica.bnf.fr/ark:/12148/btv1b6405092f.thumbnail
http://gallica.bnf.fr/ark:/12148/bpt6k1311080h,http://gallica.bnf.fr/ark:/12148/btv1b6405207s.thumbnail
http://gallica.bnf.fr/ark:/12148/bpt6k1311080h,http://gallica.bnf.fr/ark:/12148/btv1b6904345q.thumbnail
http://gallica.bnf.fr/ark:/12148/bpt6k1311080h,http://gallica.bnf.fr/ark:/12148/btv1b69043464.thumbnail
http://gallica.bnf.fr/ark:/12148/bpt6k1311080h,http://gallica.bnf.fr/ark:/12148/btv1b6921814h.thumbnail
http://gallica.bnf.fr/ark:/12148/bpt6k1311080h,http://gallica.bnf.fr/ark:/12148/btv1b6921815x.thumbnail
http://gallica.bnf.fr/ark:/12148/bpt6k1311080h,http://gallica.bnf.fr/ark:/12148/btv1b69219017.thumbnail
http://gallica.bnf.fr/ark:/12148/bpt6k1311080h,http://gallica.bnf.fr/ark:/12148/btv1b6921902n.thumbnail
http://gallica.bnf.fr/ark:/12148/bpt6k1311080h,http://gallica.bnf.fr/ark:/12148/btv1b69219032.thumbnail
http://gallica.bnf.fr/ark:/12148/bpt6k1311080h,http://gallica.bnf.fr/ark:/12148/btv1b6921904g.thumbnail
http://gallica.bnf.fr/ark:/12148/bpt6k1311080h,http://gallica.bnf.fr/ark:/12148/btv1b6921905w.thumbnail
http://gallica.bnf.fr/ark:/12148/bpt6k1311080h,http://gallica.bnf.fr/ark:/12148/btv1b69456455.thumbnail
http://gallica.bnf.fr/ark:/12148/bpt6k1311080h,http://gallica.bnf.fr/ark:/12148/btv1b8436435b.thumbnail
http://gallica.bnf.fr/ark:/12148/bpt6k1311080h,http://gallica.bnf.fr/ark:/12148/btv1b8437036p.thumbnail
http://gallica.bnf.fr/ark:/12148/bpt6k1311080h,http://gallica.bnf.fr/ark:/12148/btv1b84375261.thumbnail
http://gallica.bnf.fr/ark:/12148/bpt6k1311080h,http://gallica.bnf.fr/ark:/12148/btv1b8437527f.thumbnail
http://gallica.bnf.fr/ark:/12148/bpt6k1311080h,http://gallica.bnf.fr/ark:/12148/btv1b84376004.thumbnail
http://gallica.bnf.fr/ark:/12148/bpt6k1311080h,http://gallica.bnf.fr/ark:/12148/btv1b8437933j.thumbnail
http://gallica.bnf.fr/ark:/12148/bpt6k1311080h,http://gallica.bnf.fr/ark:/12148/btv1b8438649p.thumbnail
http://gallica.bnf.fr/ark:/12148/bpt6k1311080h,http://gallica.bnf.fr/ark:/12148/btv1b84387157.thumbnail
http://gallica.bnf.fr/ark:/12148/bpt6k1311080h,http://gallica.bnf.fr/ark:/12148/btv1b8438716n.thumbnail
http://gallica.bnf.fr/ark:/12148/bpt6k1311080h,http://gallica.bnf.fr/ark:/12148/btv1b84387172.thumbnail
http://gallica.bnf.fr/ark:/12148/bpt6k1311080h,http://gallica.bnf.fr/ark:/12148/btv1b8438718g.thumbnail
http://gallica.bnf.fr/ark:/12148/bpt6k1311080h,http://gallica.bnf.fr/ark:/12148/btv1b8438719w.thumbnail
http://gallica.bnf.fr/ark:/12148/bpt6k1311080h,http://gallica.bnf.fr/ark:/12148/btv1b8438720j.thumbnail
http://gallica.bnf.fr/ark:/12148/bpt6k1311080h,http://gallica.bnf.fr/ark:/12148/btv1b8438722c.thumbnail
http://gallica.bnf.fr/ark:/12148/bpt6k1311080h,http://gallica.bnf.fr/ark:/12148/btv1b8438723s.thumbnail
http://gallica.bnf.fr/ark:/12148/bpt6k1311080h,http://gallica.bnf.fr/ark:/12148/btv1b84387246.thumbnail
http://gallica.bnf.fr/ark:/12148/bpt6k1311080h,http://gallica.bnf.fr/ark:/12148/btv1b8438725m.thumbnail
http://gallica.bnf.fr/ark:/12148/bpt6k1311080h,http://gallica.bnf.fr/ark:/12148/btv1b84387261.thumbnail
http://gallica.bnf.fr/ark:/12148/bpt6k1311080h,http://gallica.bnf.fr/ark:/12148/btv1b8438727f.thumbnail
http://gallica.bnf.fr/ark:/12148/bpt6k1311080h,http://gallica.bnf.fr/ark:/12148/btv1b8438728v.thumbnail
http://gallica.bnf.fr/ark:/12148/bpt6k1311080h,http://gallica.bnf.fr/ark:/12148/btv1b84387298.thumbnail
http://gallica.bnf.fr/ark:/12148/bpt6k1311080h,http://gallica.bnf.fr/ark:/12148/btv1b8438730x.thumbnail
http://gallica.bnf.fr/ark:/12148/bpt6k1311080h,http://gallica.bnf.fr/ark:/12148/btv1b8438732r.thumbnail
http://gallica.bnf.fr/ark:/12148/bpt6k1311080h,http://gallica.bnf.fr/ark:/12148/btv1b84387335.thumbnail
http://gallica.bnf.fr/ark:/12148/bpt6k1311080h,http://gallica.bnf.fr/ark:/12148/btv1b8438734k.thumbnail
http://gallica.bnf.fr/ark:/12148/bpt6k1311080h,http://gallica.bnf.fr/ark:/12148/btv1b84387350.thumbnail
http://gallica.bnf.fr/ark:/12148/bpt6k1311080h,http://gallica.bnf.fr/ark:/12148/btv1b8438736d.thumbnail
http://gallica.bnf.fr/ark:/12148/bpt6k1311080h,http://gallica.bnf.fr/ark:/12148/btv1b8438737t.thumbnail
http://gallica.bnf.fr/ark:/12148/bpt6k1311080h,http://gallica.bnf.fr/ark:/12148/btv1b84387387.thumbnail
http://gallica.bnf.fr/ark:/12148/bpt6k1311080h,http://gallica.bnf.fr/ark:/12148/btv1b8438739n.thumbnail
http://gallica.bnf.fr/ark:/12148/bpt6k1311080h,http://gallica.bnf.fr/ark:/12148/btv1b84387409.thumbnail
http://gallica.bnf.fr/ark:/12148/bpt6k1311080h,http://gallica.bnf.fr/ark:/12148/btv1b8438741q.thumbnail
http://gallica.bnf.fr/ark:/12148/bpt6k1311080h,http://gallica.bnf.fr/ark:/12148/btv1b84387424.thumbnail
http://gallica.bnf.fr/ark:/12148/bpt6k1311080h,http://gallica.bnf.fr/ark:/12148/btv1b8438745c.thumbnail
http://gallica.bnf.fr/ark:/12148/bpt6k1311080h,http://gallica.bnf.fr/ark:/12148/btv1b8438746s.thumbnail
http://gallica.bnf.fr/ark:/12148/bpt6k1311080h,http://gallica.bnf.fr/ark:/12148/btv1b84387476.thumbnail
http://gallica.bnf.fr/ark:/12148/bpt6k1311080h,http://gallica.bnf.fr/ark:/12148/btv1b8438748m.thumbnail
http://gallica.bnf.fr/ark:/12148/bpt6k1311080h,http://gallica.bnf.fr/ark:/12148/btv1b84387491.thumbnail
http://gallica.bnf.fr/ark:/12148/bpt6k1311080h,http://gallica.bnf.fr/ark:/12148/btv1b8438750p.thumbnail
http://gallica.bnf.fr/ark:/12148/bpt6k1311080h,http://gallica.bnf.fr/ark:/12148/btv1b84387513.thumbnail
http://gallica.bnf.fr/ark:/12148/bpt6k1311080h,http://gallica.bnf.fr/ark:/12148/btv1b8438752h.thumbnail
http://gallica.bnf.fr/ark:/12148/bpt6k1311080h,http://gallica.bnf.fr/ark:/12148/btv1b8438753x.thumbnail
http://gallica.bnf.fr/ark:/12148/bpt6k1311080h,http://gallica.bnf.fr/ark:/12148/btv1b8438754b.thumbnail
http://gallica.bnf.fr/ark:/12148/bpt6k1311080h,http://gallica.bnf.fr/ark:/12148/btv1b8438755r.thumbnail
http://gallica.bnf.fr/ark:/12148/bpt6k1311080h,http://gallica.bnf.fr/ark:/12148/btv1b84387565.thumbnail
http://gallica.bnf.fr/ark:/12148/bpt6k1311080h,http://gallica.bnf.fr/ark:/12148/btv1b8438757k.thumbnail
http://gallica.bnf.fr/ark:/12148/bpt6k1311080h,http://gallica.bnf.fr/ark:/12148/btv1b84387580.thumbnail
http://gallica.bnf.fr/ark:/12148/bpt6k1311080h,http://gallica.bnf.fr/ark:/12148/btv1b8438759d.thumbnail
http://gallica.bnf.fr/ark:/12148/bpt6k1311080h,http://gallica.bnf.fr/ark:/12148/btv1b84387602.thumbnail
http://gallica.bnf.fr/ark:/12148/bpt6k1311080h,http://gallica.bnf.fr/ark:/12148/btv1b8438762w.thumbnail
http://gallica.bnf.fr/ark:/12148/bpt6k1311080h,http://gallica.bnf.fr/ark:/12148/btv1b84387639.thumbnail
http://gallica.bnf.fr/ark:/12148/bpt6k1311080h,http://gallica.bnf.fr/ark:/12148/btv1b84387654.thumbnail
http://gallica.bnf.fr/ark:/12148/bpt6k1311080h,http://gallica.bnf.fr/ark:/12148/btv1b8438766j.thumbnail
http://gallica.bnf.fr/ark:/12148/bpt6k1311080h,http://gallica.bnf.fr/ark:/12148/btv1b8438767z.thumbnail
http://gallica.bnf.fr/ark:/12148/bpt6k1311080h,http://gallica.bnf.fr/ark:/12148/btv1b8438768c.thumbnail
http://gallica.bnf.fr/ark:/12148/bpt6k1311080h,http://gallica.bnf.fr/ark:/12148/btv1b8438769s.thumbnail
http://gallica.bnf.fr/ark:/12148/bpt6k1311080h,http://gallica.bnf.fr/ark:/12148/btv1b8438770f.thumbnail
http://gallica.bnf.fr/ark:/12148/bpt6k1311080h,http://gallica.bnf.fr/ark:/12148/btv1b8438771v.thumbnail
http://gallica.bnf.fr/ark:/12148/bpt6k1311080h,http://gallica.bnf.fr/ark:/12148/btv1b84387728.thumbnail
http://gallica.bnf.fr/ark:/12148/bpt6k1311080h,http://gallica.bnf.fr/ark:/12148/btv1b8438773p.thumbnail
http://gallica.bnf.fr/ark:/12148/bpt6k1311080h,http://gallica.bnf.fr/ark:/12148/btv1b84387743.thumbnail
http://gallica.bnf.fr/ark:/12148/bpt6k1311080h,http://gallica.bnf.fr/ark:/12148/btv1b8438775h.thumbnail
http://gallica.bnf.fr/ark:/12148/bpt6k1311080h,http://gallica.bnf.fr/ark:/12148/btv1b8438776x.thumbnail
http://gallica.bnf.fr/ark:/12148/bpt6k1311080h,http://gallica.bnf.fr/ark:/12148/btv1b8438777b.thumbnail
http://gallica.bnf.fr/ark:/12148/bpt6k1311080h,http://gallica.bnf.fr/ark:/12148/btv1b8438778r.thumbnail
http://gallica.bnf.fr/ark:/12148/bpt6k1311080h,http://gallica.bnf.fr/ark:/12148/btv1b84387795.thumbnail
http://gallica.bnf.fr/ark:/12148/bpt6k1311080h,http://gallica.bnf.fr/ark:/12148/btv1b8438780t.thumbnail
http://gallica.bnf.fr/ark:/12148/bpt6k1311080h,http://gallica.bnf.fr/ark:/12148/btv1b84387817.thumbnail
http://gallica.bnf.fr/ark:/12148/bpt6k1311080h,http://gallica.bnf.fr/ark:/12148/btv1b8438782n.thumbnail
http://gallica.bnf.fr/ark:/12148/bpt6k1311080h,http://gallica.bnf.fr/ark:/12148/btv1b8438784g.thumbnail
http://gallica.bnf.fr/ark:/12148/bpt6k1311080h,http://gallica.bnf.fr/ark:/12148/btv1b8438785w.thumbnail
http://gallica.bnf.fr/ark:/12148/bpt6k1311080h,http://gallica.bnf.fr/ark:/12148/btv1b84387869.thumbnail
http://gallica.bnf.fr/ark:/12148/bpt6k1311080h,http://gallica.bnf.fr/ark:/12148/btv1b84387884.thumbnail
http://gallica.bnf.fr/ark:/12148/bpt6k1311080h,http://gallica.bnf.fr/ark:/12148/btv1b8438789j.thumbnail
http://gallica.bnf.fr/ark:/12148/bpt6k1311080h,http://gallica.bnf.fr/ark:/12148/btv1b8438883d.thumbnail
http://gallica.bnf.fr/ark:/12148/bpt6k1311080h,http://gallica.bnf.fr/ark:/12148/btv1b8438884t.thumbnail
http://gallica.bnf.fr/ark:/12148/bpt6k1311080h,http://gallica.bnf.fr/ark:/12148/btv1b84388857.thumbnail
http://gallica.bnf.fr/ark:/12148/bpt6k1311080h,http://gallica.bnf.fr/ark:/12148/btv1b8438886n.thumbnail
http://gallica.bnf.fr/ark:/12148/bpt6k1311080h,http://gallica.bnf.fr/ark:/12148/btv1b84388872.thumbnail
http://gallica.bnf.fr/ark:/12148/bpt6k1311080h,http://gallica.bnf.fr/ark:/12148/btv1b8438888g.thumbnail
http://gallica.bnf.fr/ark:/12148/bpt6k1311080h,http://gallica.bnf.fr/ark:/12148/btv1b8438889w.thumbnail
http://gallica.bnf.fr/ark:/12148/bpt6k1311080h,http://gallica.bnf.fr/ark:/12148/btv1b8438890j.thumbnail
http://gallica.bnf.fr/ark:/12148/bpt6k1311080h,http://gallica.bnf.fr/ark:/12148/btv1b8438891z.thumbnail
http://gallica.bnf.fr/ark:/12148/bpt6k1311080h,http://gallica.bnf.fr/ark:/12148/btv1b8451587d.thumbnail
http://gallica.bnf.fr/ark:/12148/bpt6k1311080h,http://gallica.bnf.fr/ark:/12148/btv1b9002073t.thumbnail
http://gallica.bnf.fr/ark:/12148/bpt6k1311080h,http://gallica.bnf.fr/ark:/12148/btv1b9005098k.thumbnail
http://gallica.bnf.fr/ark:/12148/bpt6k1311080h,http://gallica.bnf.fr/ark:/12148/btv1b9005144c.thumbnail
http://gallica.bnf.fr/ark:/12148/bpt6k1311080h,http://gallica.bnf.fr/ark:/12148/btv1b90052669.thumbnail
http://gallica.bnf.fr/ark:/12148/bpt6k1311080h,http://gallica.bnf.fr/ark:/12148/btv1b9005267q.thumbnail
http://gallica.bnf.fr/ark:/12148/bpt6k1311080h,http://gallica.bnf.fr/ark:/12148/btv1b90052684.thumbnail
http://gallica.bnf.fr/ark:/12148/bpt6k1311080h,http://gallica.bnf.fr/ark:/12148/btv1b9015942k.thumbnail
http://gallica.bnf.fr/ark:/12148/bpt6k1311080h,http://gallica.bnf.fr/ark:/12148/btv1b9016283d.thumbnail
http://gallica.bnf.fr/ark:/12148/bpt6k1311080h,http://gallica.bnf.fr/ark:/12148/btv1b9016284t.thumbnail
http://gallica.bnf.fr/ark:/12148/bpt6k1311080h,http://gallica.bnf.fr/ark:/12148/btv1b9016288g.thumbnail
http://gallica.bnf.fr/ark:/12148/bpt6k1311080h,http://gallica.bnf.fr/ark:/12148/btv1b9016289w.thumbnail
http://gallica.bnf.fr/ark:/12148/bpt6k1311080h,http://gallica.bnf.fr/ark:/12148/btv1b9016293s.thumbnail
http://gallica.bnf.fr/ark:/12148/bpt6k1311080h,http://gallica.bnf.fr/ark:/12148/btv1b90162946.thumbnail
http://gallica.bnf.fr/ark:/12148/bpt6k1311080h,http://gallica.bnf.fr/ark:/12148/btv1b9016295m.thumbnail
http://gallica.bnf.fr/ark:/12148/bpt6k1311080h,http://gallica.bnf.fr/ark:/12148/btv1b9016308s.thumbnail
http://gallica.bnf.fr/ark:/12148/bpt6k1311080h,http://gallica.bnf.fr/ark:/12148/btv1b90163096.thumbnail
http://gallica.bnf.fr/ark:/12148/bpt6k1311080h,http://gallica.bnf.fr/ark:/12148/btv1b9016314h.thumbnail
http://gallica.bnf.fr/ark:/12148/bpt6k1311080h,http://gallica.bnf.fr/ark:/12148/btv1b9016315x.thumbnail
http://gallica.bnf.fr/ark:/12148/bpt6k1311080h,http://gallica.bnf.fr/ark:/12148/btv1b9016333v.thumbnail
http://gallica.bnf.fr/ark:/12148/bpt6k1311080h,http://gallica.bnf.fr/ark:/12148/btv1b90163348.thumbnail
http://gallica.bnf.fr/ark:/12148/bpt6k1311080h,http://gallica.bnf.fr/ark:/12148/btv1b90163452.thumbnail
http://gallica.bnf.fr/ark:/12148/bpt6k1311080h,http://gallica.bnf.fr/ark:/12148/btv1b9031597g.thumbnail
http://gallica.bnf.fr/ark:/12148/bpt6k1311080h,http://gallica.bnf.fr/ark:/12148/btv1b9031598w.thumbnail
http://gallica.bnf.fr/ark:/12148/bpt6k1311080h,http://gallica.bnf.fr/ark:/12148/btv1b53129594m.thumbnail
http://gallica.bnf.fr/ark:/12148/bpt6k1311080h,http://gallica.bnf.fr/ark:/12148/btv1b9041963b.thumbnail
http://gallica.bnf.fr/ark:/12148/bpt6k1311080h,https://upload.wikimedia.org/wikipedia/commons/0/0b/Rouget_de_Lisle1.JPG
http://gallica.bnf.fr/ark:/12148/bpt6k1311080h,https://upload.wikimedia.org/wikipedia/commons/1/11/Sarah_Bernhardt_by_Paul_Nadar_(crop).jpg
http://gallica.bnf.fr/ark:/12148/bpt6k1311080h,https://upload.wikimedia.org/wikipedia/commons/2/2d/Louis_Payen_1913.jpg
http://gallica.bnf.fr/ark:/12148/bpt6k128178m,http://gallica.bnf.fr/ark:/12148/btv1b531555443.thumbnail
http://gallica.bnf.fr/ark:/12148/bpt6k128178m,http://gallica.bnf.fr/ark:/12148/btv1b531554974.thumbnail
http://gallica.bnf.fr/ark:/12148/bpt6k128178m,"https://upload.wikimedia.org/wikipedia/commons/b/b2/Ferdinand_Brunot,_maire_du_XIVe_arrondissement.jpg"
http://gallica.bnf.fr/ark:/12148/bpt6k88222702,http://gallica.bnf.fr/ark:/12148/btv1b10525025f.thumbnail
http://gallica.bnf.fr/ark:/12148/bpt6k88222702,http://gallica.bnf.fr/ark:/12148/btv1b84239546.thumbnail
http://gallica.bnf.fr/ark:/12148/bpt6k88222702,http://gallica.bnf.fr/ark:/12148/btv1b84239598.thumbnail
http://gallica.bnf.fr/ark:/12148/bpt6k88222702,http://gallica.bnf.fr/ark:/12148/btv1b8423960x.thumbnail
http://gallica.bnf.fr/ark:/12148/bpt6k88222702,http://gallica.bnf.fr/ark:/12148/btv1b8424036g.thumbnail
http://gallica.bnf.fr/ark:/12148/bpt6k88222702,http://gallica.bnf.fr/ark:/12148/btv1b8424037w.thumbnail
http://gallica.bnf.fr/ark:/12148/bpt6k88222702,http://gallica.bnf.fr/ark:/12148/btv1b8424046v.thumbnail
http://gallica.bnf.fr/ark:/12148/bpt6k88222702,http://gallica.bnf.fr/ark:/12148/btv1b53086351d.thumbnail
http://gallica.bnf.fr/ark:/12148/bpt6k88222702,http://gallica.bnf.fr/ark:/12148/btv1b84239635.thumbnail
http://gallica.bnf.fr/ark:/12148/bpt6k88222702,http://gallica.bnf.fr/ark:/12148/btv1b8423976s.thumbnail
http://gallica.bnf.fr/ark:/12148/bpt6k88222702,http://gallica.bnf.fr/ark:/12148/btv1b84239865.thumbnail
http://gallica.bnf.fr/ark:/12148/bpt6k88222702,http://gallica.bnf.fr/ark:/12148/btv1b84239902.thumbnail
http://gallica.bnf.fr/ark:/12148/bpt6k88222702,http://gallica.bnf.fr/ark:/12148/btv1b8423991g.thumbnail
http://gallica.bnf.fr/ark:/12148/bpt6k88222702,http://gallica.bnf.fr/ark:/12148/btv1b8423994q.thumbnail
http://gallica.bnf.fr/ark:/12148/bpt6k88222702,http://gallica.bnf.fr/ark:/12148/btv1b84239954.thumbnail
http://gallica.bnf.fr/ark:/12148/bpt6k88222702,http://gallica.bnf.fr/ark:/12148/btv1b8423983x.thumbnail
http://gallica.bnf.fr/ark:/12148/bpt6k88222702,http://gallica.bnf.fr/ark:/12148/btv1b8423957f.thumbnail
http://gallica.bnf.fr/ark:/12148/bpt6k88222702,http://gallica.bnf.fr/ark:/12148/btv1b8454154k.thumbnail
http://gallica.bnf.fr/ark:/12148/bpt6k88222702,http://gallica.bnf.fr/ark:/12148/btv1b10501842z.thumbnail
http://gallica.bnf.fr/ark:/12148/bpt6k88222702,http://gallica.bnf.fr/ark:/12148/btv1b10508180g.thumbnail
http://gallica.bnf.fr/ark:/12148/bpt6k88222702,http://gallica.bnf.fr/ark:/12148/btv1b53119772b.thumbnail
http://gallica.bnf.fr/ark:/12148/bpt6k88222702,http://gallica.bnf.fr/ark:/12148/btv1b77003634/f1.item.thumbnail
http://gallica.bnf.fr/ark:/12148/bpt6k88222702,http://gallica.bnf.fr/ark:/12148/btv1b84239420.thumbnail
http://gallica.bnf.fr/ark:/12148/bpt6k88222702,http://gallica.bnf.fr/ark:/12148/btv1b8423943d.thumbnail
http://gallica.bnf.fr/ark:/12148/bpt6k88222702,http://gallica.bnf.fr/ark:/12148/btv1b84239457.thumbnail
http://gallica.bnf.fr/ark:/12148/bpt6k88222702,http://gallica.bnf.fr/ark:/12148/btv1b8423946n.thumbnail
http://gallica.bnf.fr/ark:/12148/bpt6k88222702,http://gallica.bnf.fr/ark:/12148/btv1b84239472.thumbnail
http://gallica.bnf.fr/ark:/12148/bpt6k88222702,http://gallica.bnf.fr/ark:/12148/btv1b8423948g.thumbnail
http://gallica.bnf.fr/ark:/12148/bpt6k88222702,http://gallica.bnf.fr/ark:/12148/btv1b8423949w.thumbnail
http://gallica.bnf.fr/ark:/12148/bpt6k88222702,http://gallica.bnf.fr/ark:/12148/btv1b8423952c.thumbnail
http://gallica.bnf.fr/ark:/12148/bpt6k88222702,http://gallica.bnf.fr/ark:/12148/btv1b8423955m.thumbnail
http://gallica.bnf.fr/ark:/12148/bpt6k88222702,http://gallica.bnf.fr/ark:/12148/btv1b84239561.thumbnail
http://gallica.bnf.fr/ark:/12148/bpt6k88222702,http://gallica.bnf.fr/ark:/12148/btv1b8423958v.thumbnail
http://gallica.bnf.fr/ark:/12148/bpt6k88222702,http://gallica.bnf.fr/ark:/12148/btv1b8423962r.thumbnail
http://gallica.bnf.fr/ark:/12148/bpt6k88222702,http://gallica.bnf.fr/ark:/12148/btv1b8423964k.thumbnail
http://gallica.bnf.fr/ark:/12148/bpt6k88222702,http://gallica.bnf.fr/ark:/12148/btv1b84239650.thumbnail
http://gallica.bnf.fr/ark:/12148/bpt6k88222702,http://gallica.bnf.fr/ark:/12148/btv1b8423967t.thumbnail
http://gallica.bnf.fr/ark:/12148/bpt6k88222702,http://gallica.bnf.fr/ark:/12148/btv1b8423969n.thumbnail
http://gallica.bnf.fr/ark:/12148/bpt6k88222702,http://gallica.bnf.fr/ark:/12148/btv1b84239709.thumbnail
http://gallica.bnf.fr/ark:/12148/bpt6k88222702,http://gallica.bnf.fr/ark:/12148/btv1b8423971q.thumbnail
http://gallica.bnf.fr/ark:/12148/bpt6k88222702,http://gallica.bnf.fr/ark:/12148/btv1b84239724.thumbnail
http://gallica.bnf.fr/ark:/12148/bpt6k88222702,http://gallica.bnf.fr/ark:/12148/btv1b8423973j.thumbnail
http://gallica.bnf.fr/ark:/12148/bpt6k88222702,http://gallica.bnf.fr/ark:/12148/btv1b8423974z.thumbnail
http://gallica.bnf.fr/ark:/12148/bpt6k88222702,http://gallica.bnf.fr/ark:/12148/btv1b8423975c.thumbnail
http://gallica.bnf.fr/ark:/12148/bpt6k88222702,http://gallica.bnf.fr/ark:/12148/btv1b84239776.thumbnail
http://gallica.bnf.fr/ark:/12148/bpt6k88222702,http://gallica.bnf.fr/ark:/12148/btv1b8423984b.thumbnail
http://gallica.bnf.fr/ark:/12148/bpt6k88222702,http://gallica.bnf.fr/ark:/12148/btv1b8423985r.thumbnail
http://gallica.bnf.fr/ark:/12148/bpt6k88222702,http://gallica.bnf.fr/ark:/12148/btv1b8423987k.thumbnail
http://gallica.bnf.fr/ark:/12148/bpt6k88222702,http://gallica.bnf.fr/ark:/12148/btv1b84239880.thumbnail
http://gallica.bnf.fr/ark:/12148/bpt6k88222702,http://gallica.bnf.fr/ark:/12148/btv1b8423989d.thumbnail
http://gallica.bnf.fr/ark:/12148/bpt6k88222702,http://gallica.bnf.fr/ark:/12148/btv1b8423992w.thumbnail
http://gallica.bnf.fr/ark:/12148/bpt6k88222702,http://gallica.bnf.fr/ark:/12148/btv1b84239939.thumbnail
http://gallica.bnf.fr/ark:/12148/bpt6k88222702,http://gallica.bnf.fr/ark:/12148/btv1b84240263.thumbnail
http://gallica.bnf.fr/ark:/12148/bpt6k88222702,http://gallica.bnf.fr/ark:/12148/btv1b8424027h.thumbnail
http://gallica.bnf.fr/ark:/12148/bpt6k88222702,http://gallica.bnf.fr/ark:/12148/btv1b84240441.thumbnail
http://gallica.bnf.fr/ark:/12148/bpt6k88222702,http://gallica.bnf.fr/ark:/12148/btv1b8424045f.thumbnail
http://gallica.bnf.fr/ark:/12148/bpt6k88222702,http://gallica.bnf.fr/ark:/12148/btv1b84240478.thumbnail
http://gallica.bnf.fr/ark:/12148/bpt6k88222702,http://gallica.bnf.fr/ark:/12148/btv1b8454125v.thumbnail
http://gallica.bnf.fr/ark:/12148/bpt6k88222702,http://gallica.bnf.fr/ark:/12148/btv1b84239687.thumbnail
http://gallica.bnf.fr/ark:/12148/bpt6k1311324x,http://commons.wikimedia.org/wiki/Special:FilePath/Enrico_Caruso_tenor.jpg
http://gallica.bnf.fr/ark:/12148/bpt6k1311324x,http://commons.wikimedia.org/wiki/Special:FilePath/Enrico_Caruso_tenor.jpg?width=300
http://gallica.bnf.fr/ark:/12148/bpt6k1311324x,"http://commons.wikimedia.org/wiki/Special:FilePath/Planquette,_Robert.JPG"
http://gallica.bnf.fr/ark:/12148/bpt6k1311324x,"http://commons.wikimedia.org/wiki/Special:FilePath/Planquette,_Robert.JPG?width=300"
http://gallica.bnf.fr/ark:/12148/bpt6k1311324x,http://gallica.bnf.fr/ark:/12148/btv1b8416214x.thumbnail
http://gallica.bnf.fr/ark:/12148/bpt6k1311324x,http://gallica.bnf.fr/ark:/12148/btv1b530027497.thumbnail
http://gallica.bnf.fr/ark:/12148/bpt6k1311324x,http://gallica.bnf.fr/ark:/12148/btv1b530496213.thumbnail
http://gallica.bnf.fr/ark:/12148/bpt6k1311324x,http://gallica.bnf.fr/ark:/12148/btv1b530625621.thumbnail
http://gallica.bnf.fr/ark:/12148/bpt6k1311324x,http://gallica.bnf.fr/ark:/12148/btv1b530691781.thumbnail
http://gallica.bnf.fr/ark:/12148/bpt6k1311324x,http://gallica.bnf.fr/ark:/12148/btv1b64054633.thumbnail
http://gallica.bnf.fr/ark:/12148/bpt6k1311324x,http://gallica.bnf.fr/ark:/12148/btv1b8415675p.thumbnail
http://gallica.bnf.fr/ark:/12148/bpt6k1311324x,http://gallica.bnf.fr/ark:/12148/btv1b8416213h.thumbnail
http://gallica.bnf.fr/ark:/12148/bpt6k1311324x,http://gallica.bnf.fr/ark:/12148/btv1b8416215b.thumbnail
http://gallica.bnf.fr/ark:/12148/bpt6k1311324x,http://gallica.bnf.fr/ark:/12148/btv1b8423617w.thumbnail
http://gallica.bnf.fr/ark:/12148/bpt6k1311324x,https://upload.wikimedia.org/wikipedia/commons/b/b0/Enrico_Caruso_tenor.jpg
http://gallica.bnf.fr/ark:/12148/bpt6k1311324x,https://upload.wikimedia.org/wikipedia/commons/e/e7/Robert_Planquette_(1848â1903).jpg
